,PseudoTime1,PseudoTime2
E2845_416,0.83333,NA
E4650_179,0.35743,NA
E1887_229,0.45783,NA
E178_489,NA,0.97992
E2793_401,NA,0.80321
E2960_239,NA,0.47791
E3037_204,NA,0.40763
E669_428,NA,0.85743
E3279_139,NA,0.27711
E3649_468,0.93775,NA
E3570_499,NA,1.0
E2662_306,NA,0.61245
E1678_111,NA,0.22088
E424_17,0.03213,NA
E2119_284,NA,0.56827
E1741_58,0.11446,NA
E3690_113,NA,0.2249
E1676_265,NA,0.53012
E475_93,0.18474,NA
E50_482,0.96586,NA
E1761_97,0.19277,NA
E3801_463,NA,0.92771
E3343_266,NA,0.53213
E3935_418,NA,0.83735
E4921_203,NA,0.40562
E1202_358,0.71687,NA
E4498_205,NA,0.40964
E3860_155,0.30924,NA
E4495_250,NA,0.5
E1185_354,NA,0.70884
E1528_269,0.53815,NA
E2265_245,NA,0.48996
E78_160,0.31928,NA
E710_380,0.76104,NA
E4612_178,NA,0.35542
E1480_207,NA,0.41365
E2739_418,NA,0.83735
E4408_109,0.21687,NA
E4964_284,NA,0.56827
E4255_274,0.54819,NA
E1205_247,0.49398,NA
E3315_274,0.54819,NA
E1346_393,NA,0.78715
E3537_409,NA,0.81928
E4600_259,NA,0.51807
E789_267,0.53414,NA
E4105_269,NA,0.53815
E2841_317,NA,0.63454
E1030_459,NA,0.91968
E4714_482,NA,0.96586
E3829_15,0.02811,NA
E3973_321,0.64257,NA
E3442_174,0.34739,NA
E673_444,NA,0.88956
E951_350,NA,0.7008
E2624_228,NA,0.45582
E2750_490,0.98193,NA
E4379_275,0.5502,NA
E2179_485,NA,0.97189
E3966_180,0.35944,NA
E1212_62,NA,0.12249
E812_332,0.66466,NA
E820_493,NA,0.98795
E3340_386,NA,0.77309
E4293_141,0.28112,NA
E2945_60,NA,0.11847
E2625_314,NA,0.62851
E4280_69,NA,0.13655
E1232_164,NA,0.32731
E1783_310,0.62048,NA
E88_378,NA,0.75703
E1240_265,NA,0.53012
E4947_356,NA,0.71285
E450_43,0.08434,NA
E1916_244,NA,0.48795
E3063_383,NA,0.76707
E4375_148,NA,0.29518
E166_349,NA,0.6988
E2446_52,0.10241,NA
E3555_110,NA,0.21888
E11_150,0.2992,NA
E2488_295,NA,0.59036
E3217_5,0.00803,NA
E4803_460,0.92169,NA
E1666_88,NA,0.1747
E1669_170,NA,0.33936
E3807_176,NA,0.35141
E3938_173,NA,0.34538
E200_426,0.85341,NA
E3010_282,NA,0.56426
E3302_133,0.26506,NA
E3698_264,NA,0.52811
E2928_338,NA,0.67671
E1921_77,NA,0.15261
E1711_25,NA,0.04819
E1178_35,0.06827,NA
E1718_408,NA,0.81727
E3236_389,NA,0.77912
E871_108,NA,0.21486
E3636_403,0.80723,NA
E1169_412,0.8253,NA
E2881_213,NA,0.4257
E638_34,0.06627,NA
E3105_213,NA,0.4257
E1063_411,NA,0.82329
E2999_120,0.23896,NA
E2911_35,NA,0.06827
E741_431,NA,0.86345
E3033_412,0.8253,NA
E3186_306,NA,0.61245
E2363_400,0.8012,NA
E2349_447,NA,0.89558
E603_456,NA,0.91365
E2554_474,NA,0.9498
E3064_173,NA,0.34538
E2162_244,NA,0.48795
E1376_311,0.62249,NA
E2307_272,0.54418,NA
E3405_57,NA,0.11245
E4317_283,NA,0.56627
E1036_87,NA,0.17269
E2239_400,0.8012,NA
E974_446,NA,0.89357
E1910_487,0.9759,NA
E3594_194,NA,0.38755
E4322_18,NA,0.03414
E2953_417,NA,0.83534
E4143_55,NA,0.10843
E4975_46,0.09036,NA
E1251_185,0.36948,NA
E1319_448,0.89759,NA
E353_241,NA,0.48193
E4440_363,NA,0.72691
E4912_190,0.37952,NA
E2122_236,NA,0.47189
E732_279,NA,0.55823
E1557_357,NA,0.71486
E2912_102,NA,0.20281
E151_200,0.3996,NA
E4410_320,0.64056,NA
E4946_139,0.27711,NA
E3724_95,0.18876,NA
E3247_12,NA,0.02209
E2075_154,NA,0.30723
E2579_141,NA,0.28112
E3177_261,NA,0.52209
E1193_8,0.01406,NA
E4276_249,0.49799,NA
E293_114,0.22691,NA
E3882_129,NA,0.25703
E4827_327,0.65462,NA
E2421_266,NA,0.53213
E1009_305,0.61044,NA
E933_75,0.14859,NA
E3866_25,NA,0.04819
E2715_412,0.8253,NA
E2045_412,0.8253,NA
E855_458,0.91767,NA
E1842_223,NA,0.44578
E4596_268,0.53614,NA
E4269_434,0.86948,NA
E3943_317,NA,0.63454
E4556_170,NA,0.33936
E633_73,0.14458,NA
E4027_434,0.86948,NA
E4847_428,NA,0.85743
E1226_414,0.82932,NA
E4802_106,NA,0.21084
E1019_272,NA,0.54418
E3643_18,NA,0.03414
E2472_301,0.60241,NA
E2612_443,NA,0.88755
E4766_107,NA,0.21285
E3049_90,NA,0.17871
E4336_255,NA,0.51004
E1653_252,0.50402,NA
E147_481,NA,0.96386
E4934_51,0.1004,NA
E2998_73,0.14458,NA
E3212_418,NA,0.83735
E849_174,0.34739,NA
E3179_288,0.57631,NA
E783_287,0.5743,NA
E2938_89,0.17671,NA
E886_495,NA,0.99197
E1439_329,NA,0.65863
E4747_300,0.6004,NA
E2703_245,0.48996,NA
E3593_100,0.1988,NA
E3863_271,NA,0.54217
E936_132,0.26305,NA
E1884_292,NA,0.58434
E3558_460,NA,0.92169
E192_106,0.21084,NA
E113_193,NA,0.38554
E4301_68,0.13454,NA
E3725_228,0.45582,NA
E2492_435,0.87149,NA
E1933_134,NA,0.26707
E2982_321,NA,0.64257
E97_198,0.39558,NA
E1449_93,0.18474,NA
E3284_497,0.99598,NA
E4972_42,0.08233,NA
E2646_393,0.78715,NA
E2627_260,NA,0.52008
E2792_438,0.87751,NA
E2944_94,NA,0.18675
E2660_64,NA,0.12651
E553_17,0.03213,NA
E1612_462,NA,0.9257
E504_350,0.7008,NA
E4391_176,0.35141,NA
E2121_142,0.28313,NA
E13_84,0.16667,NA
E64_438,NA,0.87751
E2009_471,0.94378,NA
E2360_18,NA,0.03414
E4667_159,0.31727,NA
E4271_363,0.72691,NA
E2158_318,0.63655,NA
E721_367,NA,0.73494
E4856_352,0.70482,NA
E3161_79,NA,0.15663
E1233_103,NA,0.20482
E1753_468,NA,0.93775
E4665_272,0.54418,NA
E3107_400,0.8012,NA
E1023_225,0.4498,NA
E2209_238,0.4759,NA
E55_368,0.73695,NA
E510_239,0.47791,NA
E2181_44,0.08635,NA
E4470_92,NA,0.18273
E4022_26,NA,0.0502
E3029_355,0.71084,NA
E3942_67,0.13253,NA
E1457_496,NA,0.99398
E4593_125,0.249,NA
E2592_28,NA,0.05422
E2718_315,0.63052,NA
E922_29,NA,0.05622
E2276_271,0.54217,NA
E3114_53,0.10442,NA
E341_419,0.83936,NA
E2020_454,NA,0.90964
E4443_95,NA,0.18876
E4911_425,NA,0.85141
E4954_32,0.06225,NA
E348_149,0.29719,NA
E2396_273,0.54618,NA
E4265_415,NA,0.83133
E817_399,NA,0.7992
E3525_371,0.74297,NA
E1062_429,NA,0.85944
E2267_344,NA,0.68876
E1834_108,0.21486,NA
E3937_15,0.02811,NA
E542_133,0.26506,NA
E1220_440,NA,0.88153
E4882_323,0.64659,NA
E919_233,0.46586,NA
E4212_397,0.79518,NA
E3787_297,0.59438,NA
E210_345,NA,0.69076
E4735_272,0.54418,NA
E4864_13,NA,0.0241
E3602_194,0.38755,NA
E2167_388,0.77711,NA
E2494_373,NA,0.74699
E4828_131,0.26104,NA
E1716_44,NA,0.08635
E165_368,0.73695,NA
E1567_236,NA,0.47189
E3303_484,NA,0.96988
E184_466,NA,0.93373
E1288_315,NA,0.63052
E636_35,NA,0.06827
E362_239,0.47791,NA
E225_325,0.6506,NA
E8_457,NA,0.91566
E2234_387,0.7751,NA
E2005_285,0.57028,NA
E4860_323,NA,0.64659
E4755_169,0.33735,NA
E1482_465,NA,0.93173
E168_386,0.77309,NA
E3936_413,NA,0.82731
E2051_34,NA,0.06627
E4800_203,NA,0.40562
E737_431,0.86345,NA
E317_195,NA,0.38956
E2044_37,0.07229,NA
E4611_343,0.68675,NA
E1691_382,0.76506,NA
E4794_158,0.31526,NA
E4758_480,NA,0.96185
E1262_1,0.0,NA
E378_466,0.93373,NA
E4740_354,NA,0.70884
E1674_445,0.89157,NA
E1631_162,NA,0.32329
E386_255,NA,0.51004
E4631_452,0.90562,NA
E1347_41,NA,0.08032
E3838_260,NA,0.52008
E4002_232,NA,0.46386
E2834_316,0.63253,NA
E3132_171,NA,0.34137
E3988_122,NA,0.24297
E1623_387,NA,0.7751
E4092_455,0.91165,NA
E622_154,NA,0.30723
E4401_421,0.84337,NA
E2479_213,0.4257,NA
E2927_401,0.80321,NA
E4629_347,0.69478,NA
E481_367,NA,0.73494
E4069_83,0.16466,NA
E1359_277,0.55422,NA
E4789_94,NA,0.18675
E803_95,0.18876,NA
E2649_316,0.63253,NA
E863_193,NA,0.38554
E2510_465,0.93173,NA
E4263_289,NA,0.57831
E1785_195,NA,0.38956
E3809_137,NA,0.27309
E582_139,NA,0.27711
E3798_75,0.14859,NA
E667_452,NA,0.90562
E720_347,NA,0.69478
E3378_163,0.3253,NA
E891_133,NA,0.26506
E4473_325,0.6506,NA
E2522_42,0.08233,NA
E1539_446,NA,0.89357
E1497_434,0.86948,NA
E153_84,NA,0.16667
E2611_248,0.49598,NA
E4012_213,0.4257,NA
E543_197,0.39357,NA
E216_278,NA,0.55622
E1460_123,NA,0.24498
E632_439,0.87952,NA
E3989_266,0.53213,NA
E2757_298,NA,0.59639
E2601_340,0.68072,NA
E3523_457,NA,0.91566
E3683_297,0.59438,NA
E131_374,NA,0.749
E1052_372,NA,0.74498
E3290_455,NA,0.91165
E3689_306,NA,0.61245
E650_361,NA,0.72289
E3655_195,0.38956,NA
E4688_389,0.77912,NA
E947_231,0.46185,NA
E4544_67,NA,0.13253
E589_95,0.18876,NA
E1475_449,0.8996,NA
E824_64,0.12651,NA
E1608_86,0.17068,NA
E4013_325,0.6506,NA
E3096_448,0.89759,NA
E4863_344,0.68876,NA
E2303_165,0.32932,NA
E2335_295,NA,0.59036
E3167_90,0.17871,NA
E1217_107,NA,0.21285
E2352_189,0.37751,NA
E3575_283,0.56627,NA
E4004_85,NA,0.16867
E1984_339,NA,0.67871
E3376_66,0.13052,NA
E2555_129,0.25703,NA
E3097_263,NA,0.5261
E1794_446,0.89357,NA
E4859_87,NA,0.17269
E3646_166,NA,0.33133
E3067_324,NA,0.64859
E2802_439,0.87952,NA
E3038_304,0.60843,NA
E1433_415,0.83133,NA
E1128_244,NA,0.48795
E1553_423,0.84739,NA
E4120_314,0.62851,NA
E508_261,0.52209,NA
E4876_167,0.33333,NA
E2901_420,0.84137,NA
E2064_174,NA,0.34739
E4453_255,NA,0.51004
E866_3,NA,0.00402
E2142_497,0.99598,NA
E1051_497,NA,0.99598
E1765_190,0.37952,NA
E4240_239,NA,0.47791
E3229_390,NA,0.78112
E3208_421,NA,0.84337
E4340_233,NA,0.46586
E4359_58,NA,0.11446
E4622_179,0.35743,NA
E2748_356,0.71285,NA
E1153_448,NA,0.89759
E3819_139,NA,0.27711
E1694_261,0.52209,NA
E283_307,NA,0.61446
E142_179,0.35743,NA
E1350_311,0.62249,NA
E155_330,0.66064,NA
E723_424,NA,0.8494
E1330_475,0.95181,NA
E1280_97,0.19277,NA
E4753_116,NA,0.23092
E473_176,0.35141,NA
E1191_36,0.07028,NA
E1809_377,0.75502,NA
E1333_138,0.2751,NA
E1055_242,NA,0.48394
E1793_163,NA,0.3253
E3301_468,0.93775,NA
E4539_290,0.58032,NA
E452_25,NA,0.04819
E975_55,0.10843,NA
E1448_286,NA,0.57229
E3668_152,NA,0.30321
E1034_370,NA,0.74096
E1772_164,NA,0.32731
E1929_73,0.14458,NA
E3703_253,0.50602,NA
E778_4,0.00602,NA
E291_234,0.46787,NA
E998_432,0.86546,NA
E4234_39,0.07631,NA
E1701_40,0.07831,NA
E4147_425,NA,0.85141
E3547_438,NA,0.87751
E3598_89,NA,0.17671
E4804_167,NA,0.33333
E2031_468,0.93775,NA
E4991_265,NA,0.53012
E233_248,NA,0.49598
E2860_106,NA,0.21084
E4570_295,0.59036,NA
E2824_134,0.26707,NA
E3585_28,NA,0.05422
E1031_287,NA,0.5743
E1337_116,0.23092,NA
E1394_367,0.73494,NA
E1160_335,NA,0.67068
E4694_91,NA,0.18072
E3235_244,NA,0.48795
E2828_194,NA,0.38755
E3389_174,NA,0.34739
E505_339,0.67871,NA
E3259_180,NA,0.35944
E2854_235,NA,0.46988
E4221_462,0.9257,NA
E1380_167,NA,0.33333
E4920_498,NA,0.99799
E4871_187,0.37349,NA
E688_436,0.87349,NA
E4306_355,0.71084,NA
E1569_463,0.92771,NA
E1710_395,0.79116,NA
E4373_253,NA,0.50602
E3143_484,NA,0.96988
E3686_496,NA,0.99398
E2353_244,NA,0.48795
E3506_39,NA,0.07631
E3530_201,NA,0.40161
E2771_234,0.46787,NA
E3640_84,0.16667,NA
E520_374,0.749,NA
E1328_496,NA,0.99398
E1850_152,NA,0.30321
E1616_115,NA,0.22892
E1107_141,0.28112,NA
E3138_47,NA,0.09237
E2174_195,NA,0.38956
E959_20,0.03815,NA
E791_379,0.75904,NA
E4384_85,NA,0.16867
E3750_145,0.28916,NA
E1302_499,1.0,NA
E1476_373,0.74699,NA
E4213_93,NA,0.18474
E2651_174,NA,0.34739
E3274_51,0.1004,NA
E3949_407,0.81526,NA
E3215_194,0.38755,NA
E2452_466,NA,0.93373
E1988_34,NA,0.06627
E1688_7,0.01205,NA
E412_214,NA,0.42771
E2431_218,NA,0.43574
E3146_349,NA,0.6988
E4114_231,NA,0.46185
E480_187,NA,0.37349
E2144_494,0.98996,NA
E3486_496,0.99398,NA
E2176_288,NA,0.57631
E1875_250,NA,0.5
E4196_246,0.49197,NA
E4638_13,NA,0.0241
E3713_429,NA,0.85944
E1104_436,0.87349,NA
E1027_153,NA,0.30522
E2520_240,0.47992,NA
E312_163,NA,0.3253
E2151_376,0.75301,NA
E1385_34,0.06627,NA
E3422_54,NA,0.10643
E759_208,NA,0.41566
E2194_424,0.8494,NA
E195_437,0.8755,NA
E3467_346,NA,0.69277
E4578_101,NA,0.2008
E1618_79,NA,0.15663
E2597_288,NA,0.57631
E3947_346,NA,0.69277
E962_131,0.26104,NA
E369_346,NA,0.69277
E2689_138,NA,0.2751
E3168_460,0.92169,NA
E4021_256,NA,0.51205
E4140_452,NA,0.90562
E4889_417,0.83534,NA
E2843_346,0.69277,NA
E2842_466,0.93373,NA
E889_406,0.81325,NA
E3587_487,0.9759,NA
E929_252,NA,0.50402
E856_38,NA,0.0743
E2567_114,0.22691,NA
E400_142,0.28313,NA
E1416_390,NA,0.78112
E2837_188,NA,0.3755
E3748_445,0.89157,NA
E755_66,0.13052,NA
E4507_193,NA,0.38554
E3263_273,NA,0.54618
E1652_88,0.1747,NA
E4822_323,NA,0.64659
E1681_340,NA,0.68072
E4826_179,NA,0.35743
E1381_184,0.36747,NA
E3069_272,0.54418,NA
E4960_141,NA,0.28112
E2636_376,0.75301,NA
E3849_483,0.96787,NA
E3818_440,NA,0.88153
E4471_336,0.67269,NA
E3962_120,0.23896,NA
E2517_110,0.21888,NA
E4791_75,NA,0.14859
E190_330,NA,0.66064
E4417_373,0.74699,NA
E2909_292,0.58434,NA
E159_202,NA,0.40361
E3448_9,0.01606,NA
E4299_10,NA,0.01807
E1656_270,NA,0.54016
E536_141,NA,0.28112
E2598_307,0.61446,NA
E2217_288,0.57631,NA
E3615_306,0.61245,NA
E2976_491,NA,0.98394
E1189_207,NA,0.41365
E1228_275,NA,0.5502
E3847_111,NA,0.22088
E915_316,0.63253,NA
E4386_100,NA,0.1988
E3747_281,0.56225,NA
E1704_49,NA,0.09639
E4526_9,0.01606,NA
E2707_105,NA,0.20884
E441_56,0.11044,NA
E3164_318,0.63655,NA
E0_193,NA,0.38554
E4848_94,NA,0.18675
E1281_344,NA,0.68876
E3227_438,NA,0.87751
E3426_179,0.35743,NA
E3051_162,NA,0.32329
E2789_421,0.84337,NA
E1536_236,NA,0.47189
E904_66,NA,0.13052
E4179_49,NA,0.09639
E1717_41,NA,0.08032
E1075_153,NA,0.30522
E570_278,0.55622,NA
E2189_496,0.99398,NA
E3508_66,NA,0.13052
E4687_284,0.56827,NA
E4085_307,0.61446,NA
E1074_249,NA,0.49799
E357_343,0.68675,NA
E3953_108,NA,0.21486
E4098_335,0.67068,NA
E1040_433,0.86747,NA
E3627_215,NA,0.42972
E2219_425,0.85141,NA
E4148_117,NA,0.23293
E1858_283,NA,0.56627
E2010_134,NA,0.26707
E4709_223,0.44578,NA
E4790_250,NA,0.5
E3116_289,NA,0.57831
E1563_172,0.34337,NA
E4528_391,NA,0.78313
E1003_235,NA,0.46988
E3418_51,NA,0.1004
E3399_188,NA,0.3755
E614_11,NA,0.02008
E3295_284,NA,0.56827
E3559_342,NA,0.68474
E4082_317,0.63454,NA
E3817_135,0.26908,NA
E540_354,0.70884,NA
E1083_62,0.12249,NA
E776_388,NA,0.77711
E1852_339,NA,0.67871
E1405_19,NA,0.03614
E1947_161,NA,0.32129
E858_58,0.11446,NA
E3911_90,0.17871,NA
E1249_197,0.39357,NA
E816_128,0.25502,NA
E4959_179,NA,0.35743
E4738_390,NA,0.78112
E3661_368,NA,0.73695
E4083_99,NA,0.19679
E3234_368,NA,0.73695
E2199_424,0.8494,NA
E1643_147,0.29317,NA
E4311_471,0.94378,NA
E1444_289,0.57831,NA
E535_78,0.15462,NA
E768_30,0.05823,NA
E2747_455,NA,0.91165
E1434_498,0.99799,NA
E4247_385,NA,0.77108
E1078_264,0.52811,NA
E3460_8,0.01406,NA
E2008_31,0.06024,NA
E4123_440,0.88153,NA
E2595_234,NA,0.46787
E2641_272,0.54418,NA
E141_115,NA,0.22892
E4536_446,NA,0.89357
E1150_225,NA,0.4498
E4378_318,0.63655,NA
E3463_322,0.64458,NA
E1070_342,NA,0.68474
E874_318,NA,0.63655
E4744_313,0.62651,NA
E328_168,NA,0.33534
E2478_358,NA,0.71687
E4130_403,NA,0.80723
E2654_343,0.68675,NA
E3109_280,NA,0.56024
E3149_345,NA,0.69076
E3722_316,NA,0.63253
E523_179,NA,0.35743
E4616_57,NA,0.11245
E3548_11,NA,0.02008
E158_374,0.749,NA
E503_404,0.80924,NA
E477_428,NA,0.85743
E4227_395,0.79116,NA
E1975_8,NA,0.01406
E2012_465,0.93173,NA
E2794_309,0.61847,NA
E1897_478,NA,0.95783
E593_202,NA,0.40361
E629_313,NA,0.62651
E4496_6,NA,0.01004
E2104_110,NA,0.21888
E4493_294,NA,0.58835
E4369_277,NA,0.55422
E3079_137,0.27309,NA
E242_193,0.38554,NA
E4558_315,NA,0.63052
E793_222,0.44378,NA
E1403_334,0.66867,NA
E3990_342,0.68474,NA
E3193_480,NA,0.96185
E72_273,0.54618,NA
E1780_165,NA,0.32932
E2273_152,NA,0.30321
E4295_69,0.13655,NA
E2906_378,NA,0.75703
E3624_377,NA,0.75502
E1937_305,NA,0.61044
E288_297,0.59438,NA
E1046_266,NA,0.53213
E2256_397,0.79518,NA
E3556_359,0.71888,NA
E639_491,NA,0.98394
E4943_203,NA,0.40562
E3239_64,NA,0.12651
E2286_115,0.22892,NA
E1458_56,0.11044,NA
E71_401,0.80321,NA
E4853_268,0.53614,NA
E522_64,NA,0.12651
E351_433,NA,0.86747
E3915_156,0.31124,NA
E2094_429,0.85944,NA
E3767_207,0.41365,NA
E2856_432,NA,0.86546
E2063_407,0.81526,NA
E2644_355,NA,0.71084
E2655_373,0.74699,NA
E1432_97,NA,0.19277
E3443_136,0.27108,NA
E3061_60,0.11847,NA
E2615_61,NA,0.12048
E3084_153,0.30522,NA
E2633_448,0.89759,NA
E718_116,0.23092,NA
E180_296,0.59237,NA
E445_383,0.76707,NA
E2440_249,NA,0.49799
E1237_3,NA,0.00402
E771_14,NA,0.0261
E2203_316,NA,0.63253
E152_28,NA,0.05422
E2165_34,NA,0.06627
E181_465,0.93173,NA
E226_445,NA,0.89157
E743_148,NA,0.29518
E4685_260,NA,0.52008
E3662_181,NA,0.36145
E1129_8,0.01406,NA
E4015_39,NA,0.07631
E3088_412,NA,0.8253
E2714_460,NA,0.92169
E1740_436,NA,0.87349
E4302_443,0.88755,NA
E3797_460,NA,0.92169
E1219_36,0.07028,NA
E2652_434,0.86948,NA
E4297_353,NA,0.70683
E2541_117,NA,0.23293
E4529_485,NA,0.97189
E777_42,NA,0.08233
E1133_156,NA,0.31124
E4186_336,NA,0.67269
E4077_374,0.749,NA
E2393_374,NA,0.749
E1143_71,0.14056,NA
E985_223,NA,0.44578
E4165_412,0.8253,NA
E3580_98,0.19478,NA
E3110_211,0.42169,NA
E511_18,0.03414,NA
E3739_321,NA,0.64257
E1805_353,0.70683,NA
E2304_473,0.94779,NA
E860_157,NA,0.31325
E4347_49,NA,0.09639
E916_77,0.15261,NA
E1799_30,NA,0.05823
E554_352,NA,0.70482
E4397_240,0.47992,NA
E3095_416,0.83333,NA
E756_356,0.71285,NA
E4346_289,NA,0.57831
E1342_320,NA,0.64056
E2073_294,0.58835,NA
E4072_357,NA,0.71486
E4377_262,0.5241,NA
E1320_381,NA,0.76305
E4624_278,NA,0.55622
E3910_489,0.97992,NA
E2485_386,NA,0.77309
E4273_450,0.90161,NA
E736_58,NA,0.11446
E2272_108,NA,0.21486
E1284_435,NA,0.87149
E3595_387,0.7751,NA
E1041_17,NA,0.03213
E604_36,NA,0.07028
E1079_280,NA,0.56024
E1583_400,0.8012,NA
E2872_495,0.99197,NA
E4919_414,0.82932,NA
E1419_70,0.13855,NA
E4793_375,0.751,NA
E2344_126,0.251,NA
E3419_161,NA,0.32129
E327_169,NA,0.33735
E1446_193,0.38554,NA
E4279_184,NA,0.36747
E3496_440,0.88153,NA
E2514_455,0.91165,NA
E1837_11,NA,0.02008
E2658_166,0.33133,NA
E1187_442,NA,0.88554
E1215_312,0.6245,NA
E2206_360,0.72088,NA
E4806_202,NA,0.40361
E742_220,0.43976,NA
E1479_50,NA,0.09839
E2212_166,0.33133,NA
E241_206,0.41165,NA
E85_135,0.26908,NA
E1255_170,NA,0.33936
E2279_282,0.56426,NA
E750_249,NA,0.49799
E3532_324,0.64859,NA
E2097_63,0.1245,NA
E4713_204,NA,0.40763
E530_288,0.57631,NA
E4166_410,NA,0.82129
E2140_34,0.06627,NA
E1312_318,0.63655,NA
E2782_128,0.25502,NA
E4053_232,NA,0.46386
E4019_19,NA,0.03614
E1784_15,0.02811,NA
E3626_401,NA,0.80321
E1126_341,NA,0.68273
E1489_60,0.11847,NA
E3822_366,NA,0.73293
E2781_264,NA,0.52811
E1981_118,0.23494,NA
E2671_41,0.08032,NA
E682_298,NA,0.59639
E1605_52,0.10241,NA
E2995_156,NA,0.31124
E3658_429,0.85944,NA
E358_45,NA,0.08835
E2897_236,0.47189,NA
E584_36,0.07028,NA
E438_36,NA,0.07028
E532_43,0.08434,NA
E3676_305,NA,0.61044
E3932_262,0.5241,NA
E3491_375,NA,0.751
E2753_498,0.99799,NA
E2663_346,NA,0.69277
E4657_324,NA,0.64859
E3890_438,0.87751,NA
E1800_201,NA,0.40161
E3918_75,NA,0.14859
E4582_441,0.88353,NA
E237_205,NA,0.40964
E949_357,NA,0.71486
E1901_27,0.05221,NA
E4691_473,0.94779,NA
E2983_479,0.95984,NA
E3766_201,NA,0.40161
E1633_234,0.46787,NA
E3429_384,NA,0.76908
E4465_302,NA,0.60442
E3644_386,NA,0.77309
E3567_459,NA,0.91968
E2591_391,0.78313,NA
E2297_15,NA,0.02811
E872_116,NA,0.23092
E2736_286,NA,0.57229
E4757_430,0.86145,NA
E3878_167,0.33333,NA
E1835_345,NA,0.69076
E2565_343,0.68675,NA
E1791_355,0.71084,NA
E1398_324,0.64859,NA
E729_327,0.65462,NA
E3562_377,0.75502,NA
E2147_34,NA,0.06627
E1634_82,NA,0.16265
E1500_219,0.43775,NA
E6_73,0.14458,NA
E4045_156,0.31124,NA
E4182_429,NA,0.85944
E1392_437,0.8755,NA
E731_20,NA,0.03815
E3513_339,0.67871,NA
E867_286,NA,0.57229
E931_415,0.83133,NA
E4106_208,0.41566,NA
E2503_498,NA,0.99799
E746_404,0.80924,NA
E2935_471,NA,0.94378
E752_396,NA,0.79317
E613_474,0.9498,NA
E2499_103,NA,0.20482
E806_313,NA,0.62651
E3291_26,NA,0.0502
E3237_226,NA,0.45181
E127_127,0.25301,NA
E2365_429,NA,0.85944
E3268_285,NA,0.57028
E3895_200,0.3996,NA
E1584_451,0.90361,NA
E100_166,0.33133,NA
E2899_42,NA,0.08233
E91_132,0.26305,NA
E787_400,NA,0.8012
E2470_151,0.3012,NA
E4560_208,NA,0.41566
E3883_448,NA,0.89759
E3299_85,NA,0.16867
E4497_194,0.38755,NA
E3679_494,0.98996,NA
E4809_75,NA,0.14859
E2542_322,NA,0.64458
E3728_83,0.16466,NA
E3743_105,NA,0.20884
E334_43,0.08434,NA
E1222_279,NA,0.55823
E968_11,0.02008,NA
E2621_483,NA,0.96787
E387_55,NA,0.10843
E2394_366,NA,0.73293
E1972_406,NA,0.81325
E2863_152,0.30321,NA
E4245_100,0.1988,NA
E4868_388,NA,0.77711
E3934_421,NA,0.84337
E125_230,0.45984,NA
E4899_277,0.55422,NA
E389_172,0.34337,NA
E2578_356,0.71285,NA
E39_174,0.34739,NA
E1527_171,0.34137,NA
E4588_351,0.70281,NA
E1192_150,0.2992,NA
E4908_446,NA,0.89357
E2042_118,0.23494,NA
E2163_375,NA,0.751
E3663_287,0.5743,NA
E4291_276,NA,0.55221
E4031_154,NA,0.30723
E14_222,NA,0.44378
E3026_94,0.18675,NA
E256_273,0.54618,NA
E4730_385,0.77108,NA
E652_207,NA,0.41365
E3993_436,NA,0.87349
E3328_55,NA,0.10843
E2875_241,0.48193,NA
E521_115,NA,0.22892
E2152_465,NA,0.93173
E601_17,NA,0.03213
E1839_384,NA,0.76908
E3906_426,NA,0.85341
E1242_272,NA,0.54418
E3341_366,0.73293,NA
E3733_494,NA,0.98996
E41_444,0.88956,NA
E4430_419,0.83936,NA
E392_395,NA,0.79116
E1181_408,0.81727,NA
E4108_463,NA,0.92771
E122_243,NA,0.48594
E272_319,NA,0.63855
E2078_470,NA,0.94177
E2908_202,NA,0.40361
E1466_493,0.98795,NA
E4333_178,0.35542,NA
E4170_83,NA,0.16466
E2003_123,0.24498,NA
E4363_107,0.21285,NA
E2410_97,0.19277,NA
E3134_479,0.95984,NA
E4704_373,NA,0.74699
E2474_415,0.83133,NA
E873_269,0.53815,NA
E538_356,NA,0.71285
E3528_313,NA,0.62651
E4784_467,NA,0.93574
E3282_255,NA,0.51004
E1587_471,NA,0.94378
E4202_416,NA,0.83333
E1022_226,0.45181,NA
E2545_99,0.19679,NA
E4344_81,0.16064,NA
E4156_303,NA,0.60643
E4605_387,0.7751,NA
E528_348,NA,0.69679
E2315_60,NA,0.11847
E4677_358,NA,0.71687
E1279_347,0.69478,NA
E2540_275,NA,0.5502
E2942_368,NA,0.73695
E1550_159,0.31727,NA
E4916_262,NA,0.5241
E4787_390,0.78112,NA
E956_262,NA,0.5241
E1300_216,NA,0.43173
E2853_106,NA,0.21084
E2975_413,NA,0.82731
E2734_317,NA,0.63454
E2155_476,0.95382,NA
E2246_365,NA,0.73092
E2160_125,NA,0.249
E4158_5,NA,0.00803
E3021_486,NA,0.9739
E3409_250,0.5,NA
E2743_145,0.28916,NA
E3755_198,0.39558,NA
E3970_26,0.0502,NA
E2025_28,NA,0.05422
E2123_277,NA,0.55422
E875_390,NA,0.78112
E4451_23,0.04418,NA
E1895_416,NA,0.83333
E4654_12,0.02209,NA
E3940_214,0.42771,NA
E3462_473,0.94779,NA
E4017_66,NA,0.13052
E1982_492,NA,0.98594
E2905_88,NA,0.1747
E952_496,0.99398,NA
E606_107,NA,0.21285
E4230_451,0.90361,NA
E2735_124,NA,0.24699
E183_325,NA,0.6506
E4_419,0.83936,NA
E4926_77,0.15261,NA
E822_221,0.44177,NA
E1886_332,NA,0.66466
E1404_363,0.72691,NA
E690_360,0.72088,NA
E958_106,NA,0.21084
E3483_465,NA,0.93173
E4460_393,0.78715,NA
E1745_411,NA,0.82329
E398_224,NA,0.44779
E1430_360,NA,0.72088
E3907_276,NA,0.55221
E2964_164,0.32731,NA
E3411_405,NA,0.81124
E1256_41,0.08032,NA
E1146_28,NA,0.05422
E1230_160,NA,0.31928
E1763_1,NA,0.0
E3653_413,0.82731,NA
E4506_231,NA,0.46185
E1625_260,0.52008,NA
E547_133,0.26506,NA
E3153_189,NA,0.37751
E2716_172,0.34337,NA
E4907_407,0.81526,NA
E261_403,0.80723,NA
E1085_74,0.14659,NA
E1638_270,NA,0.54016
E2252_84,0.16667,NA
E1958_142,NA,0.28313
E674_253,0.50602,NA
E4169_120,0.23896,NA
E666_216,NA,0.43173
E2838_230,0.45984,NA
E470_109,0.21687,NA
E3099_95,NA,0.18876
E4986_354,0.70884,NA
E204_237,NA,0.4739
E4256_311,NA,0.62249
E955_91,NA,0.18072
E336_24,NA,0.04618
E4801_331,0.66265,NA
E3045_362,0.7249,NA
E1951_79,NA,0.15663
E4987_288,NA,0.57631
E3812_146,0.29116,NA
E2507_197,NA,0.39357
E3346_37,NA,0.07229
E3902_61,NA,0.12048
E439_65,0.12851,NA
E678_188,0.3755,NA
E1750_343,NA,0.68675
E2473_137,0.27309,NA
E635_99,0.19679,NA
E1853_231,0.46185,NA
E3128_443,0.88755,NA
E2859_207,0.41365,NA
E1775_390,NA,0.78112
E4846_396,NA,0.79317
E649_306,NA,0.61245
E3928_410,0.82129,NA
E3718_405,0.81124,NA
E2784_115,0.22892,NA
E4627_378,NA,0.75703
E4520_431,NA,0.86345
E4353_485,NA,0.97189
E1248_446,NA,0.89357
E2496_397,NA,0.79518
E3001_357,NA,0.71486
E2862_33,0.06426,NA
E2893_399,NA,0.7992
E4851_227,NA,0.45382
E2919_243,0.48594,NA
E3571_138,NA,0.2751
E1175_380,0.76104,NA
E3870_236,NA,0.47189
E4093_256,0.51205,NA
E284_22,NA,0.04217
E1786_367,0.73494,NA
E4503_20,NA,0.03815
E1155_217,0.43373,NA
E4812_245,NA,0.48996
E925_193,0.38554,NA
E3830_20,0.03815,NA
E3842_42,NA,0.08233
E2441_423,NA,0.84739
E3333_77,0.15261,NA
E1994_461,0.92369,NA
E1213_98,0.19478,NA
E1589_363,NA,0.72691
E3712_161,0.32129,NA
E590_102,0.20281,NA
E4298_371,NA,0.74297
E2311_155,0.30924,NA
E1764_262,0.5241,NA
E1076_38,NA,0.0743
E4584_248,NA,0.49598
E3058_315,NA,0.63052
E4189_379,0.75904,NA
E2139_226,NA,0.45181
E2364_83,NA,0.16466
E1002_481,NA,0.96386
E2062_197,NA,0.39357
E179_70,0.13855,NA
E3744_325,NA,0.6506
E4748_245,NA,0.48996
E2986_233,NA,0.46586
E1728_378,0.75703,NA
E2250_290,NA,0.58032
E47_378,0.75703,NA
E2378_285,NA,0.57028
E1235_154,0.30723,NA
E1332_175,0.3494,NA
E1941_379,0.75904,NA
E2596_399,0.7992,NA
E3758_97,NA,0.19277
E3501_258,NA,0.51606
E1236_290,NA,0.58032
E4736_85,0.16867,NA
E3221_433,0.86747,NA
E2857_426,0.85341,NA
E1977_263,NA,0.5261
E4192_62,NA,0.12249
E4883_240,0.47992,NA
E1789_293,0.58635,NA
E4875_276,0.55221,NA
E3304_132,NA,0.26305
E228_183,0.36546,NA
E2957_69,0.13655,NA
E4421_375,NA,0.751
E1209_397,NA,0.79518
E2018_183,0.36546,NA
E2892_421,0.84337,NA
E2161_2,0.00201,NA
E4841_32,0.06225,NA
E145_335,0.67068,NA
E4902_411,NA,0.82329
E645_305,NA,0.61044
E289_304,NA,0.60843
E3144_453,NA,0.90763
E2726_119,NA,0.23695
E1012_341,0.68273,NA
E3503_475,0.95181,NA
E4075_385,0.77108,NA
E2563_479,NA,0.95984
E3522_252,NA,0.50402
E744_482,NA,0.96586
E3777_351,NA,0.70281
E4630_123,NA,0.24498
E4554_464,0.92972,NA
E1660_269,0.53815,NA
E844_332,NA,0.66466
E247_380,NA,0.76104
E4898_321,NA,0.64257
E1595_121,NA,0.24096
E2786_173,0.34538,NA
E2815_34,NA,0.06627
E3224_201,0.40161,NA
E3925_425,NA,0.85141
E2711_465,0.93173,NA
E136_389,0.77912,NA
E1942_140,0.27912,NA
E2070_410,NA,0.82129
E3076_197,0.39357,NA
E3102_223,NA,0.44578
E672_77,0.15261,NA
E2804_334,NA,0.66867
E229_62,0.12249,NA
E3778_1,0.0,NA
E4380_181,NA,0.36145
E4411_126,0.251,NA
E1734_285,NA,0.57028
E560_102,0.20281,NA
E2090_405,0.81124,NA
E4683_412,0.8253,NA
E1422_387,0.7751,NA
E979_16,0.03012,NA
E3875_19,NA,0.03614
E2505_224,0.44779,NA
E770_415,0.83133,NA
E3833_424,NA,0.8494
E2411_54,NA,0.10643
E3705_196,NA,0.39157
E2778_222,NA,0.44378
E469_365,NA,0.73092
E2642_343,0.68675,NA
E3574_260,0.52008,NA
E1048_356,NA,0.71285
E3727_172,0.34337,NA
E2164_422,0.84538,NA
E561_408,NA,0.81727
E4992_49,0.09639,NA
E356_115,0.22892,NA
E3174_468,0.93775,NA
E4111_274,NA,0.54819
E965_251,NA,0.50201
E25_399,0.7992,NA
E275_318,NA,0.63655
E1973_94,0.18675,NA
E1127_285,NA,0.57028
E3473_369,NA,0.73896
E4060_185,NA,0.36948
E808_4,NA,0.00602
E823_135,0.26908,NA
E4502_207,0.41365,NA
E4594_357,0.71486,NA
E3081_315,NA,0.63052
E4625_452,NA,0.90562
E2561_215,NA,0.42972
E2316_498,0.99799,NA
E2530_400,0.8012,NA
E715_190,0.37952,NA
E4877_340,NA,0.68072
E2965_285,NA,0.57028
E4385_111,NA,0.22088
E4326_453,0.90763,NA
E1272_379,NA,0.75904
E621_403,0.80723,NA
E2992_304,0.60843,NA
E3040_161,0.32129,NA
E608_159,0.31727,NA
E3641_307,0.61446,NA
E2931_323,0.64659,NA
E2332_265,NA,0.53012
E2092_99,0.19679,NA
E3706_121,0.24096,NA
E3946_461,0.92369,NA
E935_163,NA,0.3253
E1115_14,NA,0.0261
E861_45,NA,0.08835
E1018_67,NA,0.13253
E3175_217,NA,0.43373
E2637_433,0.86747,NA
E3041_156,NA,0.31124
E83_358,NA,0.71687
E3254_56,NA,0.11044
E675_446,NA,0.89357
E2087_149,0.29719,NA
E1902_431,0.86345,NA
E321_351,NA,0.70281
E1665_74,NA,0.14659
E3240_414,NA,0.82932
E196_194,NA,0.38755
E4331_26,0.0502,NA
E2920_143,NA,0.28514
E3672_458,0.91767,NA
E4392_270,NA,0.54016
E1760_238,NA,0.4759
E4368_237,NA,0.4739
E453_28,NA,0.05422
E4530_497,0.99598,NA
E1276_263,NA,0.5261
E2613_30,0.05823,NA
E2240_243,NA,0.48594
E2125_330,NA,0.66064
E2237_273,0.54618,NA
E1679_33,NA,0.06426
E1930_244,0.48795,NA
E143_311,0.62249,NA
E2923_105,NA,0.20884
E4861_365,NA,0.73092
E1257_131,0.26104,NA
E367_77,0.15261,NA
E3073_375,0.751,NA
E65_112,NA,0.22289
E2456_365,NA,0.73092
E507_220,NA,0.43976
E3320_415,0.83133,NA
E2170_274,NA,0.54819
E4037_282,NA,0.56426
E1296_479,NA,0.95984
E537_182,NA,0.36345
E2829_499,1.0,NA
E1021_11,0.02008,NA
E278_32,0.06225,NA
E4310_289,0.57831,NA
E4284_305,0.61044,NA
E4035_171,0.34137,NA
E4655_499,NA,1.0
E3992_125,0.249,NA
E3611_475,NA,0.95181
E3715_280,0.56024,NA
E2770_326,NA,0.65261
E1410_239,NA,0.47791
E2980_395,NA,0.79116
E4785_134,0.26707,NA
E4702_151,NA,0.3012
E1117_210,0.41968,NA
E1663_118,0.23494,NA
E4491_482,0.96586,NA
E1619_98,0.19478,NA
E1790_69,NA,0.13655
E1822_394,0.78916,NA
E2566_164,0.32731,NA
E3773_495,NA,0.99197
E2997_497,NA,0.99598
E3804_177,0.35341,NA
E4996_306,0.61245,NA
E2072_52,NA,0.10241
E3156_219,0.43775,NA
E4376_132,0.26305,NA
E914_472,NA,0.94578
E4641_202,NA,0.40361
E1001_329,NA,0.65863
E4094_46,0.09036,NA
E3300_99,NA,0.19679
E102_178,NA,0.35542
E2501_6,0.01004,NA
E2345_27,0.05221,NA
E2461_171,0.34137,NA
E2023_90,0.17871,NA
E2762_134,0.26707,NA
E2188_421,NA,0.84337
E2190_113,NA,0.2249
E4862_421,NA,0.84337
E1436_252,0.50402,NA
E463_302,NA,0.60442
E983_31,NA,0.06024
E2192_201,NA,0.40161
E1058_222,0.44378,NA
E2583_33,NA,0.06426
E3044_3,0.00402,NA
E2968_413,0.82731,NA
E4994_86,0.17068,NA
E360_407,NA,0.81526
E1522_496,NA,0.99398
E3364_444,0.88956,NA
E4337_224,NA,0.44779
E2034_405,NA,0.81124
E4614_216,NA,0.43173
E1044_183,NA,0.36546
E117_229,0.45783,NA
E3941_403,0.80723,NA
E4214_305,NA,0.61044
E465_314,0.62851,NA
E2255_96,NA,0.19076
E1301_259,0.51807,NA
E2669_375,NA,0.751
E4567_210,NA,0.41968
E2745_307,0.61446,NA
E3450_104,0.20683,NA
E2722_491,NA,0.98394
E3563_20,NA,0.03815
E4367_315,0.63052,NA
E2708_434,NA,0.86948
E1059_112,NA,0.22289
E3825_86,0.17068,NA
E2769_17,NA,0.03213
E1244_282,0.56426,NA
E1936_58,NA,0.11446
E4639_27,NA,0.05221
E519_496,NA,0.99398
E3826_115,NA,0.22892
E1455_315,0.63052,NA
E833_188,0.3755,NA
E2699_497,NA,0.99598
E483_395,NA,0.79116
E4157_245,0.48996,NA
E4989_191,NA,0.38153
E1768_497,0.99598,NA
E877_47,0.09237,NA
E2447_129,NA,0.25703
E3886_184,0.36747,NA
E766_427,NA,0.85542
E2204_149,0.29719,NA
E3111_90,0.17871,NA
E4603_350,0.7008,NA
E267_201,NA,0.40161
E172_431,0.86345,NA
E300_397,NA,0.79518
E4933_148,NA,0.29518
E4056_212,NA,0.42369
E1323_201,0.40161,NA
E1940_69,NA,0.13655
E1554_80,0.15863,NA
E1509_465,NA,0.93173
E4767_66,NA,0.13052
E524_466,0.93373,NA
E4402_320,NA,0.64056
E292_74,NA,0.14659
E1593_237,0.4739,NA
E4664_103,NA,0.20482
E992_299,0.59839,NA
E4649_112,0.22289,NA
E3148_424,0.8494,NA
E2516_116,NA,0.23092
E585_256,NA,0.51205
E2746_95,0.18876,NA
E3933_347,0.69478,NA
E1180_199,NA,0.39759
E75_316,NA,0.63253
E3861_367,NA,0.73494
E596_354,0.70884,NA
E3423_488,0.97791,NA
E4811_238,0.4759,NA
E4043_460,0.92169,NA
E656_313,0.62651,NA
E3524_159,0.31727,NA
E2327_442,NA,0.88554
E4776_53,NA,0.10442
E2068_395,0.79116,NA
E2725_394,0.78916,NA
E2742_443,NA,0.88755
E4062_257,0.51406,NA
E4834_402,0.80522,NA
E437_16,0.03012,NA
E308_37,0.07229,NA
E3309_124,NA,0.24699
E3332_246,NA,0.49197
E3395_86,0.17068,NA
E4904_20,0.03815,NA
E4005_406,0.81325,NA
E3321_448,0.89759,NA
E3480_395,NA,0.79116
E2681_127,NA,0.25301
E712_94,0.18675,NA
E1382_112,NA,0.22289
E4414_159,NA,0.31727
E1841_216,NA,0.43173
E1541_180,NA,0.35944
E4930_261,0.52209,NA
E2835_17,0.03213,NA
E4029_381,0.76305,NA
E2719_365,NA,0.73092
E4135_230,NA,0.45984
E2602_491,NA,0.98394
E4731_421,0.84337,NA
E1585_343,0.68675,NA
E2481_204,NA,0.40763
E3398_347,0.69478,NA
E727_486,NA,0.9739
E1053_24,NA,0.04618
E3564_390,NA,0.78112
E4634_135,NA,0.26908
E2451_191,0.38153,NA
E3845_280,0.56024,NA
E3814_55,0.10843,NA
E3199_330,NA,0.66064
E852_300,NA,0.6004
E600_496,0.99398,NA
E3695_60,NA,0.11847
E2416_51,0.1004,NA
E3075_357,0.71486,NA
E1559_153,NA,0.30522
E1655_69,NA,0.13655
E3921_30,0.05823,NA
E3322_263,NA,0.5261
E3616_258,0.51606,NA
E1876_103,NA,0.20482
E1594_431,0.86345,NA
E2754_222,NA,0.44378
E3370_107,NA,0.21285
E206_470,0.94177,NA
E2821_481,NA,0.96386
E753_286,0.57229,NA
E4923_334,NA,0.66867
E98_478,NA,0.95783
E4705_423,NA,0.84739
E1648_51,0.1004,NA
E2608_51,NA,0.1004
E1564_170,0.33936,NA
E3844_349,0.6988,NA
E592_317,NA,0.63454
E4591_91,NA,0.18072
E2486_16,0.03012,NA
E2648_377,0.75502,NA
E847_115,0.22892,NA
E4229_298,0.59639,NA
E1015_225,0.4498,NA
E4623_251,0.50201,NA
E3053_245,0.48996,NA
E927_270,0.54016,NA
E92_181,0.36145,NA
E1472_93,NA,0.18474
E1774_1,NA,0.0
E3241_361,NA,0.72289
E52_397,0.79518,NA
E3896_298,NA,0.59639
E1640_395,0.79116,NA
E2141_275,0.5502,NA
E2790_356,NA,0.71285
E2480_76,0.1506,NA
E2046_369,0.73896,NA
E1520_478,NA,0.95783
E1952_335,0.67068,NA
E4675_354,NA,0.70884
E558_485,0.97189,NA
E4489_202,0.40361,NA
E4929_497,NA,0.99598
E2806_365,NA,0.73092
E637_219,NA,0.43775
E4937_262,0.5241,NA
E2738_69,0.13655,NA
E918_22,0.04217,NA
E994_495,0.99197,NA
E2137_160,NA,0.31928
E3544_211,0.42169,NA
E1317_275,NA,0.5502
E4949_466,NA,0.93373
E4250_138,0.2751,NA
E20_65,0.12851,NA
E4824_63,NA,0.1245
E798_149,NA,0.29719
E691_63,0.1245,NA
E4180_400,NA,0.8012
E4309_70,NA,0.13855
E2157_80,NA,0.15863
E498_455,NA,0.91165
E4307_69,NA,0.13655
E3085_316,0.63253,NA
E960_200,0.3996,NA
E3135_112,0.22289,NA
E2305_427,NA,0.85542
E2415_15,0.02811,NA
E1885_211,0.42169,NA
E1823_141,NA,0.28112
E4428_213,NA,0.4257
E654_14,0.0261,NA
E3914_134,NA,0.26707
E4867_40,NA,0.07831
E4884_453,NA,0.90763
E3852_417,NA,0.83534
E3874_404,0.80924,NA
E1103_212,NA,0.42369
E340_386,NA,0.77309
E3867_167,NA,0.33333
E1292_113,0.2249,NA
E1100_328,NA,0.65663
E1771_378,NA,0.75703
E4542_229,NA,0.45783
E1388_255,NA,0.51004
E3976_26,NA,0.0502
E2029_156,0.31124,NA
E1735_431,NA,0.86345
E4194_10,0.01807,NA
E1134_298,0.59639,NA
E3536_132,0.26305,NA
E2294_408,0.81727,NA
E4942_337,0.6747,NA
E1039_176,NA,0.35141
E1730_216,0.43173,NA
E4277_53,NA,0.10442
E2211_157,NA,0.31325
E2243_154,0.30723,NA
E1224_466,0.93373,NA
E3920_276,NA,0.55221
E3035_10,0.01807,NA
E3535_491,0.98394,NA
E170_463,NA,0.92771
E1668_448,NA,0.89759
E447_264,NA,0.52811
E402_317,0.63454,NA
E2969_241,NA,0.48193
E456_101,NA,0.2008
E4872_395,0.79116,NA
E2532_367,0.73494,NA
E3243_252,NA,0.50402
E2354_168,NA,0.33534
E3420_389,NA,0.77912
E1838_385,NA,0.77108
E1787_449,NA,0.8996
E2617_205,0.40964,NA
E3330_29,0.05622,NA
E1095_215,0.42972,NA
E1898_169,0.33735,NA
E790_488,0.97791,NA
E1586_149,NA,0.29719
E1781_51,0.1004,NA
E2200_389,NA,0.77912
E4431_218,0.43574,NA
E3468_177,0.35341,NA
E3623_263,NA,0.5261
E2632_442,NA,0.88554
E3675_357,NA,0.71486
E1644_390,NA,0.78112
E4939_20,0.03815,NA
E657_155,NA,0.30924
E4457_321,0.64257,NA
E436_391,0.78313,NA
E911_110,NA,0.21888
E2677_224,NA,0.44779
E972_468,NA,0.93775
E3769_441,NA,0.88353
E2356_23,NA,0.04418
E2004_413,0.82731,NA
E2629_197,0.39357,NA
E713_297,NA,0.59438
E4985_161,0.32129,NA
E4090_81,NA,0.16064
E3187_100,NA,0.1988
E848_392,0.78514,NA
E4951_340,0.68072,NA
E2926_423,NA,0.84739
E4708_61,NA,0.12048
E2283_117,0.23293,NA
E2095_442,NA,0.88554
E836_462,NA,0.9257
E3184_408,0.81727,NA
E4003_351,NA,0.70281
E3022_402,NA,0.80522
E2871_92,0.18273,NA
E885_484,0.96988,NA
E3761_147,NA,0.29317
E4415_488,NA,0.97791
E3283_149,0.29719,NA
E2455_68,NA,0.13454
E738_47,NA,0.09237
E4356_191,NA,0.38153
E4399_421,NA,0.84337
E3792_378,NA,0.75703
E3296_14,0.0261,NA
E4164_17,NA,0.03213
E1080_282,NA,0.56426
E831_297,NA,0.59438
E4532_486,NA,0.9739
E2887_161,0.32129,NA
E993_316,0.63253,NA
E4452_447,0.89558,NA
E4671_382,0.76506,NA
E2823_75,0.14859,NA
E4217_307,0.61446,NA
E4710_44,0.08635,NA
E3390_146,0.29116,NA
E2131_467,NA,0.93574
E2604_76,0.1506,NA
E4855_279,NA,0.55823
E2220_28,0.05422,NA
E2808_385,NA,0.77108
E934_442,NA,0.88554
E2320_36,0.07028,NA
E2357_386,NA,0.77309
E3972_16,0.03012,NA
E3552_284,0.56827,NA
E2543_219,0.43775,NA
E1626_30,0.05823,NA
E2445_440,0.88153,NA
E383_244,0.48795,NA
E3951_27,0.05221,NA
E1675_131,0.26104,NA
E4839_160,NA,0.31928
E1925_286,NA,0.57229
E4252_17,NA,0.03213
E2338_12,0.02209,NA
E2030_348,NA,0.69679
E3632_438,NA,0.87751
E3387_357,NA,0.71486
E138_69,NA,0.13655
E2085_412,0.8253,NA
E1047_428,0.85743,NA
E3424_406,NA,0.81325
E2573_87,NA,0.17269
E454_216,0.43173,NA
E3323_42,0.08233,NA
E2021_237,NA,0.4739
E4724_184,0.36747,NA
E695_438,0.87751,NA
E1177_144,NA,0.28715
E2686_486,NA,0.9739
E4658_14,0.0261,NA
E2626_377,NA,0.75502
E4244_109,NA,0.21687
E986_108,NA,0.21486
E2101_423,0.84739,NA
E299_151,0.3012,NA
E10_256,0.51205,NA
E572_237,0.4739,NA
E443_33,0.06426,NA
E4955_199,NA,0.39759
E1291_198,0.39558,NA
E631_156,0.31124,NA
E725_87,NA,0.17269
E345_329,0.65863,NA
E1592_398,NA,0.79719
E4438_285,NA,0.57028
E3327_148,NA,0.29518
E3362_114,NA,0.22691
E1088_298,0.59639,NA
E4676_387,0.7751,NA
E2401_481,0.96386,NA
E2198_241,NA,0.48193
E3068_31,0.06024,NA
E2065_116,NA,0.23092
E4360_131,NA,0.26104
E899_262,0.5241,NA
E2848_170,0.33936,NA
E1094_107,NA,0.21285
E4836_265,NA,0.53012
E2066_14,NA,0.0261
E346_242,0.48394,NA
E4209_400,0.8012,NA
E2342_461,NA,0.92369
E2054_338,NA,0.67671
E640_159,NA,0.31727
E4927_466,NA,0.93373
E1142_277,NA,0.55422
E140_197,0.39357,NA
E2956_305,NA,0.61044
E3719_273,NA,0.54618
E2896_363,0.72691,NA
E1316_146,NA,0.29116
E2817_180,NA,0.35944
E2270_463,0.92771,NA
E4262_141,0.28112,NA
E101_309,0.61847,NA
E319_67,0.13253,NA
E2175_122,NA,0.24297
E4835_170,NA,0.33936
E3545_486,NA,0.9739
E1896_136,0.27108,NA
E1462_248,0.49598,NA
E3931_260,0.52008,NA
E4604_273,NA,0.54618
E19_20,NA,0.03815
E3374_225,0.4498,NA
E3576_88,NA,0.1747
E2406_193,0.38554,NA
E249_147,0.29317,NA
E4258_132,0.26305,NA
E388_360,0.72088,NA
E792_283,0.56627,NA
E1561_291,0.58233,NA
E1216_405,0.81124,NA
E2917_160,NA,0.31928
E2201_455,0.91165,NA
E2213_43,NA,0.08434
E2690_113,NA,0.2249
E2985_64,0.12651,NA
E120_160,0.31928,NA
E670_394,0.78916,NA
E99_497,NA,0.99598
E3326_165,0.32932,NA
E1451_128,0.25502,NA
E2329_49,0.09639,NA
E4562_299,0.59839,NA
E1277_310,0.62048,NA
E597_431,NA,0.86345
E4700_234,0.46787,NA
E4261_445,0.89157,NA
E487_42,0.08233,NA
E3417_353,NA,0.70683
E2691_235,0.46988,NA
E719_422,0.84538,NA
E1801_336,NA,0.67269
E3397_401,0.80321,NA
E471_275,NA,0.5502
E4275_249,NA,0.49799
E2858_109,NA,0.21687
E1297_77,0.15261,NA
E2089_463,0.92771,NA
E4145_482,NA,0.96586
E2242_151,0.3012,NA
E734_207,0.41365,NA
E3281_391,0.78313,NA
E3784_424,NA,0.8494
E3625_472,0.94578,NA
E1493_80,0.15863,NA
E4981_231,0.46185,NA
E810_210,NA,0.41968
E1454_34,0.06627,NA
E834_85,NA,0.16867
E4837_186,0.37149,NA
E2124_275,NA,0.5502
E4540_12,NA,0.02209
E4054_117,NA,0.23293
E705_469,NA,0.93976
E4038_369,0.73896,NA
E1915_315,NA,0.63052
E1362_136,0.27108,NA
E1606_245,NA,0.48996
E3024_450,0.90161,NA
E1766_455,0.91165,NA
E330_147,0.29317,NA
E1986_383,NA,0.76707
E4842_78,0.15462,NA
E4950_470,NA,0.94177
E426_195,0.38956,NA
E2700_192,NA,0.38353
E4052_49,NA,0.09639
E4112_410,NA,0.82129
E1677_219,NA,0.43775
E3408_379,NA,0.75904
E3541_352,0.70482,NA
E3365_372,NA,0.74498
E1659_296,NA,0.59237
E338_130,0.25904,NA
E3437_399,NA,0.7992
E1353_107,0.21285,NA
E2996_23,0.04418,NA
E1879_72,0.14257,NA
E1282_202,NA,0.40361
E2382_127,0.25301,NA
E1515_298,NA,0.59639
E3700_28,0.05422,NA
E4151_263,NA,0.5261
E4126_94,0.18675,NA
E4330_207,0.41365,NA
E2275_181,0.36145,NA
E2384_56,NA,0.11044
E3337_57,NA,0.11245
E2622_45,NA,0.08835
E3094_78,0.15462,NA
E2870_169,0.33735,NA
E1577_247,0.49398,NA
E2035_337,0.6747,NA
E4958_249,NA,0.49799
E2216_290,0.58032,NA
E4125_279,0.55823,NA
E144_129,NA,0.25703
E4648_315,NA,0.63052
E2879_386,NA,0.77309
E3731_188,0.3755,NA
E4203_126,0.251,NA
E4390_460,0.92169,NA
E207_442,0.88554,NA
E2763_80,NA,0.15863
E3876_161,0.32129,NA
E4406_2,NA,0.00201
E4636_144,NA,0.28715
E1464_237,NA,0.4739
E1287_337,NA,0.6747
E3273_165,0.32932,NA
E3160_425,0.85141,NA
E1627_132,0.26305,NA
E694_31,0.06024,NA
E4922_470,NA,0.94177
E1513_381,NA,0.76305
E4076_310,0.62048,NA
E3618_371,0.74297,NA
E4961_66,0.13052,NA
E2284_70,0.13855,NA
E1796_194,0.38755,NA
E4289_355,0.71084,NA
E3264_349,NA,0.6988
E1298_397,NA,0.79518
E2390_103,NA,0.20482
E1752_477,0.95582,NA
E3527_35,NA,0.06827
E4444_490,0.98193,NA
E1555_488,0.97791,NA
E3363_108,NA,0.21486
E1499_480,0.96185,NA
E175_24,NA,0.04618
E4689_395,NA,0.79116
E3008_319,0.63855,NA
E2684_154,NA,0.30723
E4896_28,0.05422,NA
E3042_60,0.11847,NA
E4646_16,0.03012,NA
E641_162,NA,0.32329
E40_381,0.76305,NA
E2544_257,NA,0.51406
E2495_238,NA,0.4759
E1928_18,NA,0.03414
E30_383,NA,0.76707
E3126_276,0.55221,NA
E9_326,NA,0.65261
E2404_470,NA,0.94177
E4980_178,NA,0.35542
E1245_219,0.43775,NA
E1196_194,NA,0.38755
E2417_391,NA,0.78313
E2236_81,0.16064,NA
E4635_54,NA,0.10643
E3181_309,NA,0.61847
E2531_82,0.16265,NA
E2924_74,NA,0.14659
E79_428,0.85743,NA
E802_485,0.97189,NA
E818_207,NA,0.41365
E2907_307,NA,0.61446
E2729_125,0.249,NA
E3505_250,0.5,NA
E154_441,0.88353,NA
E2007_342,NA,0.68474
E1484_107,0.21285,NA
E3650_417,0.83534,NA
E2359_464,NA,0.92972
E1682_354,NA,0.70884
E3201_70,0.13855,NA
E2454_221,NA,0.44177
E2086_204,0.40763,NA
E1985_335,0.67068,NA
E2773_485,NA,0.97189
E4653_458,NA,0.91767
E230_391,0.78313,NA
E3218_457,NA,0.91566
E4699_73,0.14458,NA
E1386_346,0.69277,NA
E1447_100,0.1988,NA
E4607_380,0.76104,NA
E4936_444,0.88956,NA
E819_348,0.69679,NA
E2178_123,0.24498,NA
E2974_37,NA,0.07229
E3158_499,NA,1.0
E3980_46,NA,0.09036
E4435_7,NA,0.01205
E3526_241,0.48193,NA
E3546_413,0.82731,NA
E2972_130,0.25904,NA
E3071_444,0.88956,NA
E3884_326,0.65261,NA
E940_41,NA,0.08032
E2407_379,0.75904,NA
E3425_6,NA,0.01004
E3959_167,NA,0.33333
E3048_427,NA,0.85542
E440_405,NA,0.81124
E2962_406,NA,0.81325
E1132_408,0.81727,NA
E3610_328,NA,0.65663
E976_68,NA,0.13454
E4088_193,NA,0.38554
E4396_415,NA,0.83133
E751_23,NA,0.04418
E1846_22,NA,0.04217
E1703_453,NA,0.90763
E429_366,NA,0.73293
E1843_297,NA,0.59438
E566_52,0.10241,NA
E1960_415,0.83133,NA
E1028_347,NA,0.69478
E4315_185,NA,0.36948
E4995_107,NA,0.21285
E1871_287,0.5743,NA
E2444_463,0.92771,NA
E3680_93,NA,0.18474
E2623_303,NA,0.60643
E3222_400,0.8012,NA
E130_357,NA,0.71486
E309_166,0.33133,NA
E3790_101,0.2008,NA
E1429_264,0.52811,NA
E4643_274,NA,0.54819
E3974_109,0.21687,NA
E3869_391,0.78313,NA
E1565_496,0.99398,NA
E2129_22,NA,0.04217
E2317_92,0.18273,NA
E399_280,NA,0.56024
E4780_206,NA,0.41165
E3019_86,0.17068,NA
E3542_141,NA,0.28112
E4663_376,0.75301,NA
E3901_460,0.92169,NA
E2830_472,NA,0.94578
E420_393,NA,0.78715
E4305_169,NA,0.33735
E1351_125,0.249,NA
E3927_74,0.14659,NA
E4228_132,NA,0.26305
E2558_282,NA,0.56426
E2197_263,NA,0.5261
E325_216,NA,0.43173
E4990_81,0.16064,NA
E3169_171,NA,0.34137
E4081_456,NA,0.91365
E562_182,NA,0.36345
E3382_36,NA,0.07028
E2888_8,0.01406,NA
E3584_242,0.48394,NA
E1425_221,NA,0.44177
E1411_432,NA,0.86546
E2679_427,NA,0.85542
E1769_292,0.58434,NA
E2702_215,0.42972,NA
E4574_403,NA,0.80723
E1867_181,0.36145,NA
E3331_321,0.64257,NA
E2764_468,0.93775,NA
E1997_224,NA,0.44779
E4350_175,0.3494,NA
E3209_401,0.80321,NA
E2135_358,NA,0.71687
E4086_491,0.98394,NA
E3997_411,0.82329,NA
E1964_420,0.84137,NA
