,PseudoTime1,PseudoTime2,PseudoTime3
E1062_519,0.64912,NA,NA
E1801_237,0.29574,NA,NA
E1486_25,NA,NA,0.03008
E2290_195,NA,0.24311,NA
E2368_285,NA,NA,0.35589
E3799_643,NA,NA,0.80451
E481_4,0.00376,NA,NA
E4723_458,0.57268,NA,NA
E4201_287,NA,NA,0.3584
E673_776,0.97118,NA,NA
E787_774,0.96867,NA,NA
E169_164,NA,NA,0.20426
E3290_720,NA,NA,0.901
E119_62,0.07644,NA,NA
E4635_348,NA,NA,0.43484
E3279_767,0.9599,NA,NA
E2603_253,NA,0.31579,NA
E1116_581,0.72682,NA,NA
E4167_208,0.2594,NA,NA
E4139_261,0.32581,NA,NA
E2887_390,0.48747,NA,NA
E1022_394,0.49248,NA,NA
E112_651,NA,NA,0.81454
E3125_84,NA,0.10401,NA
E2898_137,0.17043,NA,NA
E4604_386,NA,NA,0.48246
E2468_323,0.40351,NA,NA
E402_434,NA,NA,0.54261
E4027_711,NA,0.88972,NA
E4982_176,0.2193,NA,NA
E1503_797,NA,0.99749,NA
E2933_734,0.91855,NA,NA
E517_348,0.43484,NA,NA
E2953_676,0.84586,NA,NA
E1358_269,0.33584,NA,NA
E380_102,0.12657,NA,NA
E1019_524,0.65539,NA,NA
E2914_595,NA,0.74436,NA
E2824_388,0.48496,NA,NA
E3739_327,NA,0.40852,NA
E4088_121,NA,0.15038,NA
E4584_100,NA,NA,0.12406
E3370_352,0.43985,NA,NA
E4041_220,0.27444,NA,NA
E3705_144,NA,0.1792,NA
E1874_521,0.65163,NA,NA
E3516_328,0.40977,NA,NA
E3586_235,0.29323,NA,NA
E3312_116,0.14411,NA,NA
E4329_451,0.56391,NA,NA
E580_322,NA,NA,0.40226
E4701_485,NA,0.60652,NA
E3668_779,NA,NA,0.97494
E914_619,NA,NA,0.77444
E2413_504,0.63033,NA,NA
E2338_183,NA,NA,0.22807
E2248_555,0.69424,NA,NA
E1653_413,0.51629,NA,NA
E2900_551,0.68922,NA,NA
E3243_549,NA,NA,0.68672
E1725_762,NA,NA,0.95363
E2801_468,0.58521,NA,NA
E4705_408,NA,0.51003,NA
E2011_398,0.49749,NA,NA
E3795_223,0.2782,NA,NA
E1373_7,0.00752,NA,NA
E1905_385,NA,NA,0.4812
E680_62,0.07644,NA,NA
E2031_183,NA,0.22807,NA
E1157_1,0.0,NA,NA
E2078_505,NA,NA,0.63158
E538_84,NA,0.10401,NA
E1002_64,NA,NA,0.07895
E4556_321,0.401,NA,NA
E3431_575,NA,0.7193,NA
E4560_77,NA,NA,0.09524
E3481_793,NA,NA,0.99248
E1953_59,NA,NA,0.07268
E2096_381,NA,0.47619,NA
E2301_421,NA,NA,0.52632
E3354_29,NA,0.03509,NA
E1096_91,0.11278,NA,NA
E825_522,NA,0.65288,NA
E4577_527,NA,0.65915,NA
E1748_140,NA,0.17419,NA
E4435_226,0.28195,NA,NA
E4415_577,NA,0.7218,NA
E3419_589,NA,NA,0.73684
E2075_736,0.92105,NA,NA
E2986_680,0.85088,NA,NA
E1071_31,0.03759,NA,NA
E3915_477,NA,0.59649,NA
E3551_440,0.55013,NA,NA
E2579_295,0.36842,NA,NA
E3744_196,NA,0.24436,NA
E2719_185,0.23058,NA,NA
E1390_156,0.19424,NA,NA
E2143_211,0.26316,NA,NA
E1851_727,NA,0.90977,NA
E3252_359,0.44862,NA,NA
E4509_211,NA,0.26316,NA
E3017_392,0.48997,NA,NA
E1405_662,NA,0.82832,NA
E1733_101,0.12531,NA,NA
E250_760,0.95113,NA,NA
E4629_120,NA,NA,0.14912
E653_726,NA,NA,0.90852
E2324_127,NA,0.15789,NA
E3094_441,0.55138,NA,NA
E213_130,NA,0.16165,NA
E4332_708,0.88596,NA,NA
E1040_221,NA,NA,0.27569
E2110_1,0.0,NA,NA
E1869_204,NA,NA,0.25439
E3804_772,NA,NA,0.96617
E932_187,NA,0.23308,NA
E2700_58,NA,NA,0.07143
E1261_679,0.84962,NA,NA
E1716_332,0.41479,NA,NA
E282_125,NA,0.15539,NA
E3760_57,NA,0.07018,NA
E583_115,NA,0.14286,NA
E3743_253,0.31579,NA,NA
E3620_304,NA,0.3797,NA
E2584_397,NA,0.49624,NA
E857_243,NA,NA,0.30326
E259_446,0.55764,NA,NA
E4659_350,0.43734,NA,NA
E199_549,0.68672,NA,NA
E1619_773,0.96742,NA,NA
E984_576,NA,0.72055,NA
E2238_108,0.13409,NA,NA
E2244_215,NA,NA,0.26817
E2303_139,NA,0.17293,NA
E4573_643,0.80451,NA,NA
E4802_249,NA,0.31078,NA
E2863_4,NA,NA,0.00376
E1674_253,NA,0.31579,NA
E620_724,NA,NA,0.90602
E748_59,0.07268,NA,NA
E4987_699,0.87469,NA,NA
E2815_60,0.07393,NA,NA
E2517_81,NA,NA,0.10025
E4469_685,NA,0.85714,NA
E2533_681,NA,0.85213,NA
E1910_140,NA,NA,0.17419
E3045_174,NA,0.21679,NA
E1921_208,NA,NA,0.2594
E4619_251,0.31328,NA,NA
E3649_30,0.03634,NA,NA
E4597_312,0.38972,NA,NA
E3919_192,NA,0.23935,NA
E1225_667,0.83459,NA,NA
E4087_606,0.75815,NA,NA
E419_52,NA,NA,0.06391
E406_592,NA,NA,0.7406
E207_598,0.74812,NA,NA
E2635_256,NA,0.31955,NA
E3057_484,NA,0.60526,NA
E4678_124,NA,NA,0.15414
E2574_154,0.19173,NA,NA
E3700_209,NA,NA,0.26065
E3123_227,NA,0.28321,NA
E540_746,NA,0.93358,NA
E652_89,0.11028,NA,NA
E3819_147,0.18296,NA,NA
E2378_438,0.54762,NA,NA
E2313_717,NA,0.89724,NA
E4740_760,0.95113,NA,NA
E4888_488,0.61028,NA,NA
E678_348,0.43484,NA,NA
E940_317,0.39599,NA,NA
E3257_336,0.4198,NA,NA
E3724_418,0.52256,NA,NA
E2904_669,0.83709,NA,NA
E1830_7,0.00752,NA,NA
E1734_72,NA,0.08897,NA
E183_288,0.35965,NA,NA
E1912_364,0.45489,NA,NA
E2943_661,NA,NA,0.82707
E666_769,0.96241,NA,NA
E4503_123,0.15288,NA,NA
E4616_503,NA,NA,0.62907
E1163_17,0.02005,NA,NA
E1341_671,NA,NA,0.8396
E1937_638,0.79825,NA,NA
E258_613,NA,0.76692,NA
E1307_608,0.76065,NA,NA
E2620_726,0.90852,NA,NA
E194_629,0.78697,NA,NA
E3229_786,NA,NA,0.98371
E3653_664,NA,NA,0.83083
E549_149,NA,0.18546,NA
E539_521,0.65163,NA,NA
E3104_546,NA,0.68296,NA
E2315_475,0.59398,NA,NA
E281_776,NA,NA,0.97118
E3271_247,0.30827,NA,NA
E4328_44,0.05388,NA,NA
E3751_17,NA,NA,0.02005
E3570_190,NA,NA,0.23684
E2976_760,NA,NA,0.95113
E2984_426,NA,0.53258,NA
E2830_299,0.37343,NA,NA
E2144_147,0.18296,NA,NA
E4265_395,NA,0.49373,NA
E1728_398,NA,0.49749,NA
E3734_106,0.13158,NA,NA
E3606_361,NA,NA,0.45113
E210_265,NA,0.33083,NA
E3852_796,NA,0.99624,NA
E3676_391,NA,NA,0.48872
E72_407,NA,NA,0.50877
E1250_485,0.60652,NA,NA
E632_493,0.61654,NA,NA
E2961_734,0.91855,NA,NA
E4985_466,NA,NA,0.58271
E3212_700,0.87594,NA,NA
E3409_703,0.8797,NA,NA
E280_450,0.56266,NA,NA
E625_104,NA,NA,0.12907
E2661_152,NA,NA,0.18922
E2644_581,NA,NA,0.72682
E255_21,NA,NA,0.02506
E1662_270,NA,0.33709,NA
E2689_390,0.48747,NA,NA
E3679_225,NA,NA,0.2807
E323_741,0.92732,NA,NA
E2370_645,NA,NA,0.80702
E2515_672,NA,0.84085,NA
E3077_522,NA,NA,0.65288
E2089_342,NA,NA,0.42732
E1361_602,NA,NA,0.75313
E1538_438,NA,NA,0.54762
E3203_733,0.91729,NA,NA
E4135_526,0.65789,NA,NA
E3648_629,0.78697,NA,NA
E4385_207,0.25815,NA,NA
E985_597,NA,0.74687,NA
E139_368,0.4599,NA,NA
E3492_358,NA,0.44737,NA
E1934_342,0.42732,NA,NA
E1870_457,0.57143,NA,NA
E1617_727,0.90977,NA,NA
E974_90,NA,NA,0.11153
E2019_137,NA,0.17043,NA
E2482_474,0.59273,NA,NA
E1735_506,NA,NA,0.63283
E1658_797,NA,0.99749,NA
E887_568,0.71053,NA,NA
E1010_686,0.8584,NA,NA
E341_337,NA,NA,0.42105
E241_767,NA,NA,0.9599
E1353_589,NA,NA,0.73684
E4709_648,NA,NA,0.81078
E3688_425,0.53133,NA,NA
E983_399,0.49875,NA,NA
E368_674,0.84336,NA,NA
E1093_179,0.22306,NA,NA
E3379_766,NA,NA,0.95865
E297_302,NA,NA,0.37719
E2590_734,NA,NA,0.91855
E2577_237,NA,0.29574,NA
E400_32,NA,0.03885,NA
E2148_758,0.94862,NA,NA
E3061_511,NA,0.6391,NA
E301_685,NA,0.85714,NA
E4812_650,NA,0.81328,NA
E4012_96,NA,0.11905,NA
E1590_792,0.99123,NA,NA
E2276_230,NA,0.28697,NA
E1276_501,0.62657,NA,NA
E3111_606,0.75815,NA,NA
E2203_735,NA,0.9198,NA
E4693_639,NA,0.7995,NA
E495_38,NA,NA,0.04637
E3151_444,NA,NA,0.55514
E4025_509,0.63659,NA,NA
E3773_103,0.12782,NA,NA
E1271_253,NA,NA,0.31579
E3697_157,0.19549,NA,NA
E1613_488,NA,0.61028,NA
E4574_51,0.06266,NA,NA
E3418_692,0.86591,NA,NA
E335_568,NA,NA,0.71053
E1136_476,NA,NA,0.59524
E1283_264,NA,0.32957,NA
E458_62,NA,0.07644,NA
E2575_680,NA,NA,0.85088
E4276_124,0.15414,NA,NA
E936_474,NA,NA,0.59273
E909_368,0.4599,NA,NA
E4220_572,NA,0.71554,NA
E2010_62,0.07644,NA,NA
E2385_770,NA,NA,0.96366
E270_1,NA,0.0,NA
E223_358,NA,NA,0.44737
E2814_559,0.69925,NA,NA
E267_722,0.90351,NA,NA
E3729_395,0.49373,NA,NA
E7_627,0.78446,NA,NA
E1035_159,NA,NA,0.19799
E1885_343,0.42857,NA,NA
E1533_266,NA,NA,0.33208
E1995_469,NA,0.58647,NA
E2112_384,0.47995,NA,NA
E2135_89,NA,0.11028,NA
E4607_530,0.66291,NA,NA
E1025_764,NA,NA,0.95614
E4345_70,NA,NA,0.08647
E4246_100,NA,0.12406,NA
E2596_506,NA,NA,0.63283
E1702_373,NA,NA,0.46617
E4517_401,0.50125,NA,NA
E4120_482,0.60276,NA,NA
E3732_151,NA,0.18797,NA
E4149_473,NA,0.59148,NA
E1507_635,NA,0.79449,NA
E1085_5,NA,NA,0.00501
E3864_193,NA,NA,0.2406
E2424_292,NA,0.36466,NA
E4194_305,0.38095,NA,NA
E2232_365,NA,0.45614,NA
E3691_656,0.8208,NA,NA
E34_647,NA,NA,0.80952
E2070_750,NA,NA,0.9386
E317_705,0.88221,NA,NA
E3009_94,NA,NA,0.11654
E1766_569,0.71178,NA,NA
E4571_363,NA,0.45363,NA
E1087_369,NA,0.46115,NA
E2058_736,0.92105,NA,NA
E4218_92,NA,0.11404,NA
E4214_539,NA,NA,0.67419
E2718_589,NA,NA,0.73684
E959_499,0.62406,NA,NA
E741_545,NA,NA,0.6817
E731_591,0.73935,NA,NA
E4255_765,NA,NA,0.95739
E508_356,0.44486,NA,NA
E170_746,NA,NA,0.93358
E1707_109,0.13534,NA,NA
E1655_659,0.82456,NA,NA
E1825_142,NA,0.17669,NA
E1219_652,NA,NA,0.81579
E2966_790,NA,0.98872,NA
E861_183,0.22807,NA,NA
E1162_249,0.31078,NA,NA
E2766_19,NA,0.02256,NA
E2047_681,NA,NA,0.85213
E4357_127,NA,NA,0.15789
E1291_554,0.69298,NA,NA
E3600_536,NA,0.67043,NA
E3666_767,0.9599,NA,NA
E795_271,0.33835,NA,NA
E3180_607,NA,NA,0.7594
E1444_96,NA,NA,0.11905
E1821_515,NA,0.64411,NA
E337_279,NA,NA,0.34837
E2576_498,0.62281,NA,NA
E3831_291,0.36341,NA,NA
E1726_373,NA,NA,0.46617
E3242_263,NA,0.32832,NA
E18_471,0.58897,NA,NA
E2226_459,NA,NA,0.57393
E3882_518,0.64787,NA,NA
E4446_551,NA,0.68922,NA
E285_707,NA,0.88471,NA
E3069_569,0.71178,NA,NA
E1524_770,NA,NA,0.96366
E898_697,0.87218,NA,NA
E3062_392,0.48997,NA,NA
E1940_677,0.84712,NA,NA
E4557_120,NA,0.14912,NA
E3722_214,NA,NA,0.26692
E514_261,NA,0.32581,NA
E4130_459,NA,NA,0.57393
E2581_690,NA,0.86341,NA
E2459_786,NA,0.98371,NA
E2626_193,0.2406,NA,NA
E2980_720,0.901,NA,NA
E658_365,0.45614,NA,NA
E2892_364,NA,NA,0.45489
E4569_521,NA,NA,0.65163
E3522_44,0.05388,NA,NA
E4836_24,0.02882,NA,NA
E111_494,NA,NA,0.61779
E4929_498,NA,0.62281,NA
E1279_343,NA,NA,0.42857
E3122_583,NA,NA,0.72932
E3488_632,NA,0.79073,NA
E1185_710,NA,NA,0.88847
E3946_81,NA,NA,0.10025
E1933_46,NA,0.05639,NA
E1742_799,NA,1.0,NA
E476_583,NA,NA,0.72932
E1315_517,0.64662,NA,NA
E1267_421,NA,0.52632,NA
E1736_187,NA,0.23308,NA
E1591_790,NA,0.98872,NA
E1789_310,0.38722,NA,NA
E1206_314,NA,NA,0.39223
E3567_156,NA,NA,0.19424
E1106_181,NA,0.22556,NA
E3976_612,NA,0.76566,NA
E1445_609,0.7619,NA,NA
E269_517,NA,NA,0.64662
E47_756,0.94612,NA,NA
E2438_319,NA,NA,0.3985
E3480_660,0.82581,NA,NA
E3319_133,NA,0.16541,NA
E2186_186,NA,NA,0.23183
E3013_492,NA,NA,0.61529
E4953_735,NA,0.9198,NA
E1642_550,0.68797,NA,NA
E1425_579,0.72431,NA,NA
E2040_703,NA,0.8797,NA
E3140_500,0.62531,NA,NA
E2550_163,NA,0.20301,NA
E3188_212,0.26441,NA,NA
E567_189,0.23559,NA,NA
E805_129,NA,0.1604,NA
E2172_369,0.46115,NA,NA
E3961_650,NA,NA,0.81328
E3738_396,0.49499,NA,NA
E2804_480,0.60025,NA,NA
E3675_474,NA,NA,0.59273
E2761_598,NA,NA,0.74812
E3716_63,0.07769,NA,NA
E3858_627,NA,0.78446,NA
E3349_347,0.43358,NA,NA
E4359_216,0.26942,NA,NA
E4406_750,0.9386,NA,NA
E3183_326,0.40727,NA,NA
E1648_793,0.99248,NA,NA
E152_497,0.62155,NA,NA
E1313_21,0.02506,NA,NA
E478_441,0.55138,NA,NA
E1127_179,NA,NA,0.22306
E2178_769,NA,0.96241,NA
E1078_269,0.33584,NA,NA
E307_562,0.70301,NA,NA
E3449_244,NA,0.30451,NA
E681_216,NA,0.26942,NA
E3352_757,NA,0.94737,NA
E4861_86,NA,NA,0.10652
E136_769,NA,0.96241,NA
E2250_88,NA,NA,0.10902
E3713_251,NA,NA,0.31328
E3731_178,0.2218,NA,NA
E1033_694,NA,0.86842,NA
E189_470,NA,0.58772,NA
E1043_494,NA,0.61779,NA
E2146_402,NA,NA,0.50251
E2185_517,NA,0.64662,NA
E4502_199,0.24812,NA,NA
E2254_650,NA,0.81328,NA
E4427_459,0.57393,NA,NA
E3851_64,0.07895,NA,NA
E446_609,0.7619,NA,NA
E2551_230,NA,0.28697,NA
E3601_106,0.13158,NA,NA
E4152_112,0.1391,NA,NA
E4478_718,NA,0.8985,NA
E2526_627,NA,0.78446,NA
E4115_292,0.36466,NA,NA
E1300_729,0.91228,NA,NA
E3469_631,0.78947,NA,NA
E2421_443,NA,0.55388,NA
E2649_534,NA,0.66792,NA
E791_206,0.25689,NA,NA
E3427_645,0.80702,NA,NA
E1711_106,NA,0.13158,NA
E1340_346,0.43233,NA,NA
E3284_683,0.85464,NA,NA
E1989_602,0.75313,NA,NA
E3856_532,NA,NA,0.66541
E1471_572,NA,NA,0.71554
E4973_566,0.70802,NA,NA
E3169_128,0.15915,NA,NA
E3765_132,NA,NA,0.16416
E3428_787,0.98496,NA,NA
E4134_637,0.79699,NA,NA
E1338_367,0.45865,NA,NA
E1878_325,NA,NA,0.40602
E4350_610,0.76316,NA,NA
E1762_236,NA,0.29449,NA
E3587_246,NA,0.30702,NA
E3306_266,0.33208,NA,NA
E3302_338,NA,NA,0.42231
E768_117,NA,NA,0.14536
E4728_183,0.22807,NA,NA
E2610_728,0.91103,NA,NA
E3102_311,0.38847,NA,NA
E2444_235,NA,NA,0.29323
E2838_58,0.07143,NA,NA
E3326_530,NA,0.66291,NA
E1063_13,NA,0.01504,NA
E252_492,0.61529,NA,NA
E1482_716,NA,NA,0.89599
E4522_378,0.47243,NA,NA
E3750_95,NA,0.11779,NA
E1080_487,0.60902,NA,NA
E1548_494,NA,0.61779,NA
E3523_203,0.25313,NA,NA
E4381_636,NA,0.79574,NA
E2191_27,NA,0.03258,NA
E1407_140,NA,0.17419,NA
E592_611,NA,NA,0.76441
E2480_336,NA,0.4198,NA
E82_557,NA,NA,0.69674
E52_111,0.13784,NA,NA
E4264_552,NA,NA,0.69048
E2947_409,NA,0.51128,NA
E2541_751,NA,NA,0.93985
E1114_479,0.599,NA,NA
E4875_427,0.53383,NA,NA
E943_696,NA,NA,0.87093
E2325_393,NA,0.49123,NA
E1252_196,NA,0.24436,NA
E661_184,NA,NA,0.22932
E4966_386,NA,NA,0.48246
E759_355,NA,0.44361,NA
E1509_112,NA,0.1391,NA
E4819_39,0.04762,NA,NA
E949_251,0.31328,NA,NA
E3225_706,NA,0.88346,NA
E2403_145,0.18045,NA,NA
E3515_77,NA,NA,0.09524
E908_105,NA,NA,0.13033
E3542_703,0.8797,NA,NA
E374_16,0.0188,NA,NA
E3489_439,0.54887,NA,NA
E3922_391,NA,0.48872,NA
E1027_785,0.98246,NA,NA
E216_485,NA,0.60652,NA
E4362_610,0.76316,NA,NA
E2817_307,NA,NA,0.38346
E2122_484,NA,NA,0.60526
E357_475,0.59398,NA,NA
E3797_330,0.41228,NA,NA
E4538_662,NA,NA,0.82832
E295_146,NA,NA,0.1817
E4294_248,0.30952,NA,NA
E1012_550,0.68797,NA,NA
E3563_254,0.31704,NA,NA
E124_796,0.99624,NA,NA
E1518_560,NA,NA,0.7005
E1018_169,NA,NA,0.21053
E1021_201,0.25063,NA,NA
E2670_629,0.78697,NA,NA
E3560_304,0.3797,NA,NA
E479_477,0.59649,NA,NA
E3531_657,NA,NA,0.82206
E3546_667,NA,0.83459,NA
E4472_589,0.73684,NA,NA
E3878_226,NA,0.28195,NA
E2862_236,NA,0.29449,NA
E3159_789,0.98747,NA,NA
E463_273,NA,0.34085,NA
E2737_49,0.06015,NA,NA
E783_73,NA,NA,0.09023
E3762_429,NA,NA,0.53634
E1192_723,NA,0.90476,NA
E1846_158,0.19674,NA,NA
E2071_379,NA,NA,0.47368
E1098_330,0.41228,NA,NA
E2944_365,0.45614,NA,NA
E4060_53,NA,0.06516,NA
E1245_466,NA,NA,0.58271
E782_556,NA,0.69549,NA
E2489_389,0.48622,NA,NA
E1811_189,NA,0.23559,NA
E1178_10,NA,0.01128,NA
E4726_689,0.86216,NA,NA
E4595_658,0.82331,NA,NA
E4845_550,NA,NA,0.68797
E717_667,0.83459,NA,NA
E1563_392,0.48997,NA,NA
E1466_505,0.63158,NA,NA
E388_454,NA,0.56767,NA
E3174_653,0.81704,NA,NA
E1814_343,NA,NA,0.42857
E113_591,NA,NA,0.73935
E1698_269,NA,NA,0.33584
E3968_195,NA,NA,0.24311
E4801_589,NA,0.73684,NA
E3207_586,0.73308,NA,NA
E1603_13,0.01504,NA,NA
E1984_382,0.47744,NA,NA
E4610_88,NA,NA,0.10902
E3834_402,NA,0.50251,NA
E229_295,0.36842,NA,NA
E2896_211,0.26316,NA,NA
E4473_327,0.40852,NA,NA
E2449_187,NA,0.23308,NA
E4568_376,NA,NA,0.46992
E3651_509,0.63659,NA,NA
E148_70,NA,NA,0.08647
E3126_154,NA,NA,0.19173
E3299_248,NA,NA,0.30952
E4827_748,0.93609,NA,NA
E2224_201,0.25063,NA,NA
E1158_690,0.86341,NA,NA
E1580_732,0.91604,NA,NA
E1277_373,NA,NA,0.46617
E2886_480,0.60025,NA,NA
E1942_293,0.36591,NA,NA
E2845_345,NA,NA,0.43108
E4319_104,0.12907,NA,NA
E2643_204,NA,0.25439,NA
E4968_512,0.64035,NA,NA
E4143_188,NA,0.23434,NA
E2352_681,NA,0.85213,NA
E2813_323,NA,NA,0.40351
E123_662,NA,NA,0.82832
E2005_597,0.74687,NA,NA
E1706_173,NA,NA,0.21554
E1188_18,0.0213,NA,NA
E990_77,0.09524,NA,NA
E1423_139,0.17293,NA,NA
E4718_642,0.80326,NA,NA
E4367_603,0.75439,NA,NA
E3432_381,NA,NA,0.47619
E3690_485,0.60652,NA,NA
E3060_158,NA,NA,0.19674
E3194_113,NA,NA,0.14035
E2713_400,NA,NA,0.5
E561_350,0.43734,NA,NA
E2201_544,NA,NA,0.68045
E4925_392,NA,NA,0.48997
E2688_352,0.43985,NA,NA
E156_670,NA,NA,0.83835
E432_486,NA,NA,0.60777
E1832_658,NA,0.82331,NA
E3499_207,0.25815,NA,NA
E3866_469,0.58647,NA,NA
E3371_509,NA,0.63659,NA
E2586_235,NA,NA,0.29323
E3249_16,0.0188,NA,NA
E3265_467,NA,0.58396,NA
E2693_495,NA,0.61905,NA
E358_460,0.57519,NA,NA
E4355_226,NA,NA,0.28195
E2465_134,0.16667,NA,NA
E1947_701,NA,0.87719,NA
E449_709,NA,0.88722,NA
E4010_602,NA,0.75313,NA
E2140_380,0.47494,NA,NA
E2183_346,0.43233,NA,NA
E1237_169,NA,0.21053,NA
E1757_417,0.5213,NA,NA
E3963_196,0.24436,NA,NA
E2941_483,0.60401,NA,NA
E2279_354,NA,0.44236,NA
E3642_214,NA,0.26692,NA
E3414_44,NA,NA,0.05388
E3775_75,NA,0.09273,NA
E2560_398,NA,0.49749,NA
E1152_448,NA,0.56015,NA
E1167_317,NA,0.39599,NA
E1817_1,NA,0.0,NA
E4752_572,0.71554,NA,NA
E3847_740,NA,0.92607,NA
E1249_480,NA,0.60025,NA
E4760_243,NA,NA,0.30326
E28_516,NA,NA,0.64536
E2494_435,NA,0.54386,NA
E1104_9,NA,NA,0.01003
E1720_662,0.82832,NA,NA
E4979_450,0.56266,NA,NA
E4262_67,0.08271,NA,NA
E1767_490,NA,NA,0.61278
E4917_358,0.44737,NA,NA
E4580_255,0.3183,NA,NA
E102_692,0.86591,NA,NA
E921_347,0.43358,NA,NA
E4657_399,NA,NA,0.49875
E4758_406,NA,NA,0.50752
E2506_194,0.24185,NA,NA
E2236_785,0.98246,NA,NA
E3439_630,0.78822,NA,NA
E373_561,NA,NA,0.70175
E2335_757,NA,NA,0.94737
E2583_524,NA,NA,0.65539
E2802_339,NA,0.42356,NA
E3067_112,NA,0.1391,NA
E1780_455,0.56892,NA,NA
E439_362,0.45238,NA,NA
E2631_584,0.73058,NA,NA
E2123_725,0.90727,NA,NA
E3031_175,NA,0.21805,NA
E4354_268,0.33459,NA,NA
E1064_252,NA,0.31454,NA
E1568_326,0.40727,NA,NA
E872_547,0.68421,NA,NA
E1139_785,NA,NA,0.98246
E3129_572,NA,0.71554,NA
E3113_297,NA,0.37093,NA
E729_38,0.04637,NA,NA
E1994_660,0.82581,NA,NA
E3953_401,0.50125,NA,NA
E1451_605,NA,NA,0.75689
E3030_476,0.59524,NA,NA
E3076_597,NA,NA,0.74687
E4843_342,NA,0.42732,NA
E2202_530,NA,NA,0.66291
E2704_255,0.3183,NA,NA
E2540_440,0.55013,NA,NA
E3165_711,0.88972,NA,NA
E4091_43,NA,0.05263,NA
E2951_786,NA,0.98371,NA
E2461_107,NA,0.13283,NA
E1274_91,0.11278,NA,NA
E1223_179,0.22306,NA,NA
E3336_544,NA,NA,0.68045
E329_246,NA,NA,0.30702
E83_267,NA,NA,0.33333
E3759_82,NA,0.1015,NA
E965_799,1.0,NA,NA
E922_681,0.85213,NA,NA
E4303_22,NA,0.02632,NA
E93_401,0.50125,NA,NA
E4996_55,NA,0.06767,NA
E4495_85,0.10526,NA,NA
E655_650,NA,0.81328,NA
E807_237,0.29574,NA,NA
E2391_737,0.92231,NA,NA
E581_768,0.96115,NA,NA
E4667_418,NA,0.52256,NA
E3470_272,0.3396,NA,NA
E143_470,NA,NA,0.58772
E150_568,NA,NA,0.71053
E4772_647,NA,0.80952,NA
E4191_317,NA,NA,0.39599
E2771_767,NA,0.9599,NA
E447_129,NA,NA,0.1604
E3274_410,0.51253,NA,NA
E866_788,0.98622,NA,NA
E2957_104,NA,NA,0.12907
E2265_257,NA,NA,0.3208
E3494_225,0.2807,NA,NA
E1475_747,NA,0.93484,NA
E1738_57,0.07018,NA,NA
E433_518,0.64787,NA,NA
E3786_714,NA,NA,0.89348
E3629_396,0.49499,NA,NA
E2039_587,0.73434,NA,NA
E457_727,NA,NA,0.90977
E97_708,0.88596,NA,NA
E3280_679,NA,0.84962,NA
E3733_470,0.58772,NA,NA
E5_797,NA,NA,0.99749
E1151_588,NA,NA,0.73559
E2106_389,0.48622,NA,NA
E3147_121,0.15038,NA,NA
E881_71,NA,0.08772,NA
E3365_117,NA,0.14536,NA
E3398_578,0.72306,NA,NA
E2410_346,NA,0.43233,NA
E1364_750,NA,NA,0.9386
E2570_382,NA,NA,0.47744
E2292_724,NA,NA,0.90602
E854_532,NA,NA,0.66541
E147_452,NA,NA,0.56516
E1669_451,0.56391,NA,NA
E1673_738,NA,0.92356,NA
E3095_526,NA,NA,0.65789
E237_458,NA,NA,0.57268
E385_248,0.30952,NA,NA
E2721_552,0.69048,NA,NA
E1015_162,NA,0.20175,NA
E3386_605,0.75689,NA,NA
E4911_288,NA,0.35965,NA
E2036_522,NA,0.65288,NA
E1745_230,NA,0.28697,NA
E1378_85,0.10526,NA,NA
E1056_107,0.13283,NA,NA
E839_146,0.1817,NA,NA
E2969_571,0.71429,NA,NA
E1086_431,NA,0.53885,NA
E4520_317,NA,0.39599,NA
E2296_60,NA,NA,0.07393
E3093_461,0.57644,NA,NA
E816_786,NA,0.98371,NA
E1171_342,NA,NA,0.42732
E389_303,NA,NA,0.37845
E4023_201,NA,0.25063,NA
E844_71,0.08772,NA,NA
E2641_640,0.80075,NA,NA
E4949_606,NA,0.75815,NA
E923_576,NA,NA,0.72055
E2473_487,0.60902,NA,NA
E1428_237,NA,0.29574,NA
E1232_418,NA,0.52256,NA
E429_141,0.17544,NA,NA
E224_722,0.90351,NA,NA
E1370_762,NA,0.95363,NA
E3000_339,NA,NA,0.42356
E846_142,0.17669,NA,NA
E1672_622,0.7782,NA,NA
E1979_197,NA,0.24561,NA
E1739_213,NA,NA,0.26566
E946_650,NA,0.81328,NA
E2832_494,NA,NA,0.61779
E220_553,0.69173,NA,NA
E3301_532,0.66541,NA,NA
E1690_69,0.08521,NA,NA
E1399_733,NA,NA,0.91729
E1796_492,NA,0.61529,NA
E95_590,NA,NA,0.7381
E4386_751,0.93985,NA,NA
E3462_539,0.67419,NA,NA
E144_652,0.81579,NA,NA
E3404_81,NA,0.10025,NA
E2870_571,0.71429,NA,NA
E2017_605,NA,0.75689,NA
E1886_579,NA,0.72431,NA
E410_321,NA,0.401,NA
E631_41,0.05013,NA,NA
E817_534,NA,NA,0.66792
E3708_321,NA,NA,0.401
E233_588,0.73559,NA,NA
E2061_600,0.75063,NA,NA
E1544_414,NA,0.51754,NA
E1969_311,NA,0.38847,NA
E3504_313,0.39098,NA,NA
E3771_140,NA,0.17419,NA
E913_178,NA,0.2218,NA
E3192_683,NA,NA,0.85464
E4688_511,NA,NA,0.6391
E3079_570,0.71303,NA,NA
E1779_589,0.73684,NA,NA
E4611_424,0.53008,NA,NA
E2407_363,NA,NA,0.45363
E2875_322,NA,NA,0.40226
E747_551,NA,NA,0.68922
E4915_648,0.81078,NA,NA
E1229_202,NA,NA,0.25188
E3897_172,0.21429,NA,NA
E4269_212,NA,0.26441,NA
E2975_210,0.2619,NA,NA
E75_241,0.30075,NA,NA
E2837_217,0.27068,NA,NA
E892_440,0.55013,NA,NA
E2158_535,0.66917,NA,NA
E1076_175,NA,NA,0.21805
E3455_495,0.61905,NA,NA
E411_43,NA,0.05263,NA
E4944_615,NA,NA,0.76942
E4485_65,0.0802,NA,NA
E1184_647,NA,0.80952,NA
E1522_214,NA,NA,0.26692
E1807_775,0.96992,NA,NA
E4285_746,0.93358,NA,NA
E2754_434,0.54261,NA,NA
E1844_590,NA,NA,0.7381
E126_748,0.93609,NA,NA
E2457_63,0.07769,NA,NA
E4114_718,NA,NA,0.8985
E2362_167,NA,NA,0.20802
E3178_269,0.33584,NA,NA
E2193_95,0.11779,NA,NA
E2543_101,NA,0.12531,NA
E2685_688,NA,0.8609,NA
E235_604,NA,0.75564,NA
E2502_329,NA,0.41103,NA
E2683_132,0.16416,NA,NA
E1097_126,NA,0.15664,NA
E3757_155,NA,NA,0.19298
E4226_225,NA,0.2807,NA
E4184_647,0.80952,NA,NA
E3736_731,NA,0.91479,NA
E2993_162,NA,0.20175,NA
E2086_387,NA,NA,0.48371
E121_36,NA,NA,0.04386
E1579_458,NA,0.57268,NA
E2337_673,0.84211,NA,NA
E3276_524,NA,0.65539,NA
E4407_708,0.88596,NA,NA
E2907_346,NA,NA,0.43233
E4947_627,NA,0.78446,NA
E3074_538,NA,NA,0.67293
E895_170,NA,0.21178,NA
E2912_424,NA,NA,0.53008
E2510_247,0.30827,NA,NA
E2666_497,NA,NA,0.62155
E1888_247,NA,NA,0.30827
E3429_13,NA,0.01504,NA
E3085_439,0.54887,NA,NA
E40_259,NA,0.32331,NA
E733_572,0.71554,NA,NA
E4005_136,NA,0.16917,NA
E1805_634,NA,0.79323,NA
E3898_514,NA,NA,0.64286
E4857_148,NA,NA,0.18421
E964_573,NA,0.71679,NA
E1691_131,NA,NA,0.16291
E3914_105,0.13033,NA,NA
E1112_662,0.82832,NA,NA
E6_385,NA,NA,0.4812
E2014_105,NA,NA,0.13033
E1722_372,0.46491,NA,NA
E934_377,NA,0.47118,NA
E4575_379,NA,0.47368,NA
E2101_117,NA,0.14536,NA
E2507_761,0.95238,NA,NA
E2478_471,0.58897,NA,NA
E640_725,0.90727,NA,NA
E2147_483,NA,NA,0.60401
E2960_223,0.2782,NA,NA
E1732_30,NA,NA,0.03634
E1135_26,0.03133,NA,NA
E4763_604,NA,0.75564,NA
E2578_727,0.90977,NA,NA
E1919_159,NA,0.19799,NA
E4079_132,0.16416,NA,NA
E703_243,NA,NA,0.30326
E4320_14,NA,0.01629,NA
E4750_357,0.44612,NA,NA
E3059_437,NA,0.54637,NA
E4605_415,0.5188,NA,NA
E2372_301,NA,0.37594,NA
E3835_172,0.21429,NA,NA
E586_298,NA,NA,0.37218
E2786_266,NA,NA,0.33208
E141_386,0.48246,NA,NA
E2853_42,NA,0.05138,NA
E2390_145,0.18045,NA,NA
E4154_43,0.05263,NA,NA
E3157_244,0.30451,NA,NA
E2628_443,0.55388,NA,NA
E3181_294,0.36717,NA,NA
E3524_101,NA,NA,0.12531
E379_628,NA,NA,0.78571
E1939_28,0.03383,NA,NA
E3811_238,NA,0.29699,NA
E917_13,NA,0.01504,NA
E3041_181,NA,0.22556,NA
E535_52,NA,0.06391,NA
E1599_44,0.05388,NA,NA
E907_78,0.09649,NA,NA
E2755_618,NA,0.77318,NA
E2983_768,0.96115,NA,NA
E3539_490,NA,0.61278,NA
E4872_784,NA,NA,0.9812
E2454_201,0.25063,NA,NA
E3573_426,0.53258,NA,NA
E4317_749,NA,0.93734,NA
E4049_655,0.81955,NA,NA
E4164_83,0.10276,NA,NA
E2026_392,NA,NA,0.48997
E435_787,NA,NA,0.98496
E4162_207,0.25815,NA,NA
E3578_169,NA,0.21053,NA
E3027_668,NA,NA,0.83584
E1214_555,NA,NA,0.69424
E4525_317,NA,0.39599,NA
E4539_623,NA,0.77945,NA
E4615_641,0.80201,NA,NA
E4995_324,NA,NA,0.40476
E56_71,0.08772,NA,NA
E488_729,NA,NA,0.91228
E2064_161,NA,0.2005,NA
E570_254,NA,NA,0.31704
E1382_172,NA,NA,0.21429
E232_1,0.0,NA,NA
E2716_361,NA,0.45113,NA
E4491_620,0.77569,NA,NA
E480_706,NA,NA,0.88346
E533_400,NA,0.5,NA
E1431_300,0.37469,NA,NA
E2682_22,0.02632,NA,NA
E375_132,0.16416,NA,NA
E4061_601,NA,0.75188,NA
E4515_207,0.25815,NA,NA
E4335_507,0.63409,NA,NA
E711_547,0.68421,NA,NA
E2463_397,0.49624,NA,NA
E804_782,NA,NA,0.9787
E3162_574,0.71805,NA,NA
E2210_369,NA,0.46115,NA
E701_711,0.88972,NA,NA
E2556_362,0.45238,NA,NA
E4132_506,0.63283,NA,NA
E2558_139,0.17293,NA,NA
E1491_579,NA,0.72431,NA
E3296_89,NA,0.11028,NA
E4954_301,0.37594,NA,NA
E982_772,NA,NA,0.96617
E621_307,NA,0.38346,NA
E1892_679,0.84962,NA,NA
E4661_474,NA,NA,0.59273
E2455_375,NA,NA,0.46867
E2268_487,0.60902,NA,NA
E3136_685,0.85714,NA,NA
E1511_331,NA,0.41353,NA
E1308_271,NA,NA,0.33835
E3527_14,0.01629,NA,NA
E601_263,0.32832,NA,NA
E2000_320,NA,0.39975,NA
E3001_784,NA,0.9812,NA
E4454_397,0.49624,NA,NA
E2141_109,NA,0.13534,NA
E3887_423,0.52882,NA,NA
E1685_99,NA,0.12281,NA
E1404_707,NA,NA,0.88471
E1083_633,0.79198,NA,NA
E670_135,NA,NA,0.16792
E834_525,NA,NA,0.65664
E425_334,NA,NA,0.41729
E1389_200,0.24937,NA,NA
E3580_471,NA,NA,0.58897
E117_143,NA,0.17794,NA
E1051_203,NA,NA,0.25313
E528_705,NA,NA,0.88221
E3505_68,NA,NA,0.08396
E972_478,NA,0.59774,NA
E3741_312,NA,NA,0.38972
E2030_51,NA,NA,0.06266
E3305_758,0.94862,NA,NA
E4402_230,0.28697,NA,NA
E2380_769,NA,0.96241,NA
E1864_551,0.68922,NA,NA
E2003_259,NA,NA,0.32331
E2469_133,NA,NA,0.16541
E444_587,NA,0.73434,NA
E4513_452,0.56516,NA,NA
E1452_676,NA,NA,0.84586
E1039_620,NA,0.77569,NA
E4828_491,NA,0.61404,NA
E2825_636,0.79574,NA,NA
E1972_668,NA,NA,0.83584
E4511_279,NA,NA,0.34837
E3655_317,0.39599,NA,NA
E2781_156,NA,NA,0.19424
E2648_516,NA,0.64536,NA
E4391_683,0.85464,NA,NA
E4392_123,NA,0.15288,NA
E1977_551,NA,NA,0.68922
E2294_753,NA,0.94236,NA
E3026_493,NA,NA,0.61654
E3674_409,NA,NA,0.51128
E1968_557,0.69674,NA,NA
E3754_100,NA,0.12406,NA
E4727_616,NA,0.77068,NA
E2179_338,NA,0.42231,NA
E784_757,0.94737,NA,NA
E500_761,NA,0.95238,NA
E332_703,NA,NA,0.8797
E4646_305,NA,NA,0.38095
E2174_751,0.93985,NA,NA
E4779_724,NA,NA,0.90602
E122_304,NA,NA,0.3797
E289_487,0.60902,NA,NA
E1557_620,0.77569,NA,NA
E2919_444,NA,0.55514,NA
E3776_144,0.1792,NA,NA
E4507_752,NA,NA,0.9411
E2867_485,0.60652,NA,NA
E4936_376,NA,NA,0.46992
E956_613,0.76692,NA,NA
E734_299,0.37343,NA,NA
E371_346,NA,0.43233,NA
E1344_209,0.26065,NA,NA
E1001_188,0.23434,NA,NA
E4331_304,0.3797,NA,NA
E1331_677,0.84712,NA,NA
E519_603,NA,NA,0.75439
E3384_218,NA,0.27193,NA
E3260_674,0.84336,NA,NA
E3423_785,NA,0.98246,NA
E2634_369,0.46115,NA,NA
E3540_173,0.21554,NA,NA
E2884_773,NA,NA,0.96742
E191_451,0.56391,NA,NA
E2699_527,NA,NA,0.65915
E3737_142,0.17669,NA,NA
E4521_272,NA,NA,0.3396
E3465_344,NA,NA,0.42982
E4110_164,0.20426,NA,NA
E2962_411,0.51378,NA,NA
E2331_676,NA,NA,0.84586
E70_697,NA,0.87218,NA
E203_741,NA,NA,0.92732
E1068_552,0.69048,NA,NA
E944_729,NA,NA,0.91228
E2170_609,0.7619,NA,NA
E4743_746,0.93358,NA,NA
E2532_795,NA,0.99499,NA
E2553_751,0.93985,NA,NA
E1850_465,0.58145,NA,NA
E2004_493,NA,0.61654,NA
E1470_426,0.53258,NA,NA
E1141_655,NA,0.81955,NA
E4904_329,0.41103,NA,NA
E526_247,NA,NA,0.30827
E3575_467,NA,0.58396,NA
E1177_311,NA,NA,0.38847
E1272_689,NA,NA,0.86216
E3266_752,NA,NA,0.9411
E1488_404,NA,0.50501,NA
E1332_733,NA,0.91729,NA
E1855_3,0.00251,NA,NA
E1374_272,NA,0.3396,NA
E44_21,0.02506,NA,NA
E1306_482,NA,0.60276,NA
E4260_744,0.93108,NA,NA
E1327_231,0.28822,NA,NA
E1365_53,0.06516,NA,NA
E2053_369,0.46115,NA,NA
E3991_428,0.53509,NA,NA
E1243_303,0.37845,NA,NA
E2225_633,NA,0.79198,NA
E1631_727,0.90977,NA,NA
E2298_180,0.22431,NA,NA
E714_141,0.17544,NA,NA
E1189_696,0.87093,NA,NA
E354_342,0.42732,NA,NA
E2910_430,0.53759,NA,NA
E742_286,0.35714,NA,NA
E2633_80,NA,NA,0.099
E1259_618,0.77318,NA,NA
E4066_556,NA,0.69549,NA
E3702_603,0.75439,NA,NA
E198_421,NA,0.52632,NA
E4172_579,0.72431,NA,NA
E2137_223,NA,NA,0.2782
E1867_620,NA,0.77569,NA
E4026_136,NA,NA,0.16917
E1144_88,NA,NA,0.10902
E2905_445,0.55639,NA,NA
E1508_660,0.82581,NA,NA
E1787_312,0.38972,NA,NA
E969_656,0.8208,NA,NA
E3087_336,NA,0.4198,NA
E3829_195,0.24311,NA,NA
E2809_270,NA,NA,0.33709
E4418_131,0.16291,NA,NA
E4638_91,NA,0.11278,NA
E2881_742,NA,0.92857,NA
E3985_666,NA,0.83333,NA
E2177_446,NA,0.55764,NA
E967_516,NA,NA,0.64536
E4632_171,0.21303,NA,NA
E704_581,0.72682,NA,NA
E173_185,NA,NA,0.23058
E4353_651,0.81454,NA,NA
E4033_551,NA,0.68922,NA
E2259_550,NA,0.68797,NA
E3908_646,NA,0.80827,NA
E3970_198,NA,NA,0.24687
E4794_57,NA,NA,0.07018
E1073_419,0.52381,NA,NA
E4690_283,NA,0.35338,NA
E806_635,0.79449,NA,NA
E4144_395,NA,NA,0.49373
E4848_164,0.20426,NA,NA
E2742_669,0.83709,NA,NA
E1535_328,NA,NA,0.40977
E1606_744,NA,0.93108,NA
E1089_274,NA,0.34211,NA
E1573_69,NA,0.08521,NA
E438_299,NA,NA,0.37343
E2360_403,0.50376,NA,NA
E3012_714,0.89348,NA,NA
E2127_280,NA,0.34962,NA
E3911_504,NA,NA,0.63033
E1161_524,NA,NA,0.65539
E3362_737,0.92231,NA,NA
E695_596,0.74561,NA,NA
E1564_487,NA,0.60902,NA
E1556_168,0.20927,NA,NA
E1948_335,NA,0.41855,NA
E4612_317,NA,NA,0.39599
E902_726,NA,0.90852,NA
E1976_654,NA,NA,0.8183
E268_450,NA,0.56266,NA
E2876_3,NA,NA,0.00251
E161_586,0.73308,NA,NA
E2834_211,0.26316,NA,NA
E465_320,0.39975,NA,NA
E3916_248,NA,0.30952,NA
E1099_379,NA,NA,0.47368
E672_598,0.74812,NA,NA
E3564_496,0.6203,NA,NA
E3458_129,NA,0.1604,NA
E4786_126,NA,NA,0.15664
E683_785,0.98246,NA,NA
E3621_278,0.34712,NA,NA
E1084_222,0.27694,NA,NA
E3778_262,NA,0.32707,NA
E4733_731,0.91479,NA,NA
E4483_270,0.33709,NA,NA
E1839_279,NA,0.34837,NA
E4000_563,0.70426,NA,NA
E1450_588,0.73559,NA,NA
E4891_779,NA,NA,0.97494
E2701_244,0.30451,NA,NA
E4259_573,NA,NA,0.71679
E1316_421,NA,NA,0.52632
E4178_32,0.03885,NA,NA
E2397_104,NA,0.12907,NA
E1966_74,NA,NA,0.09148
E382_99,NA,0.12281,NA
E1298_80,0.099,NA,NA
E4814_415,0.5188,NA,NA
E3987_478,0.59774,NA,NA
E3424_476,NA,NA,0.59524
E3888_291,NA,NA,0.36341
E1893_36,0.04386,NA,NA
E3236_595,0.74436,NA,NA
E3748_599,NA,NA,0.74937
E667_606,NA,NA,0.75815
E2608_522,NA,NA,0.65288
E318_333,0.41604,NA,NA
E3571_346,NA,0.43233,NA
E4051_254,NA,0.31704,NA
E1528_700,NA,NA,0.87594
E4270_498,NA,NA,0.62281
E2278_453,NA,0.56642,NA
E3828_590,NA,NA,0.7381
E1489_434,NA,NA,0.54261
E2440_195,NA,NA,0.24311
E2104_219,NA,NA,0.27318
E775_61,NA,0.07519,NA
E4337_331,0.41353,NA,NA
E2180_111,NA,NA,0.13784
E1160_482,0.60276,NA,NA
E889_436,0.54511,NA,NA
E1273_607,NA,0.7594,NA
E2934_313,NA,0.39098,NA
E99_391,0.48872,NA,NA
E1899_16,0.0188,NA,NA
E262_690,0.86341,NA,NA
E544_209,0.26065,NA,NA
E1723_217,NA,NA,0.27068
E4732_780,NA,0.97619,NA
E4159_516,0.64536,NA,NA
E3544_613,NA,NA,0.76692
E386_567,NA,0.70927,NA
E3407_179,NA,0.22306,NA
E598_505,NA,NA,0.63158
E2877_186,NA,NA,0.23183
E3216_534,0.66792,NA,NA
E1233_452,NA,NA,0.56516
E14_28,0.03383,NA,NA
E2417_261,0.32581,NA,NA
E3995_211,NA,0.26316,NA
E2964_185,0.23058,NA,NA
E1326_797,0.99749,NA,NA
E4486_101,NA,0.12531,NA
E4096_631,NA,NA,0.78947
E4531_335,0.41855,NA,NA
E2794_373,0.46617,NA,NA
E3935_649,NA,0.81203,NA
E2835_361,NA,NA,0.45113
E1962_735,NA,0.9198,NA
E2230_74,NA,0.09148,NA
E4670_361,NA,0.45113,NA
E1226_792,0.99123,NA,NA
E1060_9,NA,0.01003,NA
E3464_85,0.10526,NA,NA
E494_25,NA,0.03008,NA
E3561_255,0.3183,NA,NA
E1521_549,0.68672,NA,NA
E2139_13,NA,NA,0.01504
E2764_469,0.58647,NA,NA
E2199_786,NA,0.98371,NA
E441_678,0.84837,NA,NA
E994_443,0.55388,NA,NA
E1936_322,NA,0.40226,NA
E4939_550,0.68797,NA,NA
E172_564,NA,NA,0.70551
E4707_64,NA,0.07895,NA
E129_615,0.76942,NA,NA
E1381_566,NA,NA,0.70802
E1806_405,0.50627,NA,NA
E1180_639,NA,0.7995,NA
E3673_672,0.84085,NA,NA
E486_626,0.78321,NA,NA
E3693_670,0.83835,NA,NA
E4153_19,NA,NA,0.02256
E4347_315,0.39348,NA,NA
E3052_3,0.00251,NA,NA
E2216_30,NA,NA,0.03634
E4641_159,NA,NA,0.19799
E4807_370,NA,NA,0.46241
E3683_654,NA,0.8183,NA
E3088_625,NA,0.78195,NA
E2636_587,0.73434,NA,NA
E4767_180,0.22431,NA,NA
E3689_582,NA,0.72807,NA
E1749_372,NA,NA,0.46491
E3258_779,0.97494,NA,NA
E4177_670,NA,NA,0.83835
E362_716,NA,0.89599,NA
E3779_587,0.73434,NA,NA
E4124_177,NA,0.22055,NA
E349_127,NA,NA,0.15789
E2894_260,NA,0.32456,NA
E492_589,NA,0.73684,NA
E133_774,0.96867,NA,NA
E2281_741,0.92732,NA,NA
E4417_778,0.97368,NA,NA
E627_589,NA,0.73684,NA
E3148_188,NA,0.23434,NA
E2120_16,NA,NA,0.0188
E1101_42,0.05138,NA,NA
E4323_703,0.8797,NA,NA
E903_732,0.91604,NA,NA
E2087_378,0.47243,NA,NA
E2018_654,NA,NA,0.8183
E3127_290,NA,NA,0.36216
E4431_312,0.38972,NA,NA
E2589_185,NA,0.23058,NA
E468_385,NA,0.4812,NA
E4089_129,0.1604,NA,NA
E1433_342,NA,NA,0.42732
E4923_40,NA,NA,0.04887
E4460_609,0.7619,NA,NA
E3796_474,NA,0.59273,NA
E3614_527,NA,NA,0.65915
E2149_667,0.83459,NA,NA
E37_476,0.59524,NA,NA
E4764_502,NA,NA,0.62782
E2800_592,0.7406,NA,NA
E812_311,0.38847,NA,NA
E3383_138,NA,0.17168,NA
E2044_171,NA,NA,0.21303
E3190_358,NA,NA,0.44737
E849_555,0.69424,NA,NA
E2937_329,0.41103,NA,NA
E4546_402,NA,NA,0.50251
E4645_630,0.78822,NA,NA
E4994_671,0.8396,NA,NA
E1543_363,0.45363,NA,NA
E4327_541,NA,NA,0.67669
E3199_125,0.15539,NA,NA
E3191_788,NA,NA,0.98622
E273_253,0.31579,NA,NA
E2936_77,NA,0.09524,NA
E4988_249,0.31078,NA,NA
E4467_100,NA,0.12406,NA
E1067_605,NA,NA,0.75689
E1601_12,0.01378,NA,NA
E3699_661,0.82707,NA,NA
E1540_243,NA,NA,0.30326
E1853_563,0.70426,NA,NA
E3447_168,NA,NA,0.20927
E1792_684,0.85589,NA,NA
E1616_792,NA,0.99123,NA
E1128_15,0.01754,NA,NA
E2970_463,0.57895,NA,NA
E1304_352,NA,0.43985,NA
E2955_93,0.11529,NA,NA
E31_454,NA,NA,0.56767
E287_646,NA,0.80827,NA
E1746_167,NA,NA,0.20802
E4035_670,0.83835,NA,NA
E1795_86,NA,NA,0.10652
E1797_369,NA,NA,0.46115
E2399_686,0.8584,NA,NA
E33_773,NA,NA,0.96742
E4263_670,NA,0.83835,NA
E296_790,0.98872,NA,NA
E217_762,NA,NA,0.95363
E4776_599,NA,0.74937,NA
E3327_745,NA,NA,0.93233
E4585_317,0.39599,NA,NA
E1088_463,NA,NA,0.57895
E3932_513,NA,0.6416,NA
E1391_346,NA,NA,0.43233
E3446_655,0.81955,NA,NA
E3244_130,NA,0.16165,NA
E2796_353,NA,0.4411,NA
E4932_243,NA,NA,0.30326
E1430_648,NA,0.81078,NA
E2007_229,0.28571,NA,NA
E1552_695,NA,0.86967,NA
E4436_94,NA,NA,0.11654
E1566_431,NA,NA,0.53885
E780_160,0.19925,NA,NA
E4297_779,NA,NA,0.97494
E3291_490,NA,NA,0.61278
E1718_322,NA,NA,0.40226
E2538_737,NA,NA,0.92231
E1558_571,NA,0.71429,NA
E1654_456,NA,0.57018,NA
E4679_401,0.50125,NA,NA
E3605_592,NA,NA,0.7406
E3358_661,NA,NA,0.82707
E4170_528,NA,NA,0.6604
E4022_329,NA,0.41103,NA
E4672_600,0.75063,NA,NA
E1854_724,0.90602,NA,NA
E418_553,0.69173,NA,NA
E4117_475,NA,NA,0.59398
E1372_553,NA,0.69173,NA
E3360_46,NA,NA,0.05639
E32_462,0.57769,NA,NA
E3479_188,0.23434,NA,NA
E614_713,NA,0.89223,NA
E1889_293,0.36591,NA,NA
E2806_191,0.2381,NA,NA
E399_769,NA,NA,0.96241
E369_468,0.58521,NA,NA
E4791_261,NA,NA,0.32581
E4232_68,NA,0.08396,NA
E3459_680,0.85088,NA,NA
E2760_380,NA,NA,0.47494
E566_50,0.0614,NA,NA
E991_756,0.94612,NA,NA
E1663_313,0.39098,NA,NA
E4240_718,NA,0.8985,NA
E2166_163,NA,0.20301,NA
E2043_578,NA,NA,0.72306
E4771_416,NA,NA,0.52005
E1727_587,0.73434,NA,NA
E3555_277,NA,NA,0.34586
E589_269,0.33584,NA,NA
E464_272,NA,0.3396,NA
E557_144,0.1792,NA,NA
E4731_385,NA,NA,0.4812
E293_296,0.36967,NA,NA
E919_649,0.81203,NA,NA
E2246_571,0.71429,NA,NA
E1395_1,0.0,NA,NA
E2235_614,NA,0.76817,NA
E2564_790,0.98872,NA,NA
E833_33,NA,0.0401,NA
E2404_578,0.72306,NA,NA
E4052_523,0.65414,NA,NA
E633_501,NA,0.62657,NA
E835_651,NA,0.81454,NA
E1004_710,NA,NA,0.88847
E3019_537,NA,NA,0.67168
E2437_496,0.6203,NA,NA
E1082_551,NA,0.68922,NA
E555_630,0.78822,NA,NA
E1174_26,NA,NA,0.03133
E3168_667,NA,NA,0.83459
E3053_89,NA,0.11028,NA
E1359_461,NA,0.57644,NA
E125_4,NA,0.00376,NA
E3211_313,0.39098,NA,NA
E3128_344,NA,NA,0.42982
E2275_356,NA,NA,0.44486
E3506_518,NA,0.64787,NA
E3215_471,0.58897,NA,NA
E4107_240,0.2995,NA,NA
E1777_159,NA,NA,0.19799
E3802_236,NA,0.29449,NA
E4279_749,NA,0.93734,NA
E4990_696,NA,0.87093,NA
E781_731,NA,0.91479,NA
E4479_508,NA,NA,0.63534
E3320_181,NA,0.22556,NA
E2423_166,NA,NA,0.20677
E3363_694,0.86842,NA,NA
E2218_654,NA,NA,0.8183
E1687_3,0.00251,NA,NA
E4514_695,NA,0.86967,NA
E3718_589,0.73684,NA,NA
E3025_5,NA,NA,0.00501
E3182_389,NA,NA,0.48622
E78_383,NA,0.4787,NA
E852_329,NA,NA,0.41103
E503_342,0.42732,NA,NA
E2691_41,NA,0.05013,NA
E2496_216,0.26942,NA,NA
E4105_181,0.22556,NA,NA
E4976_501,NA,NA,0.62657
E2126_727,NA,NA,0.90977
E3043_494,0.61779,NA,NA
E684_753,0.94236,NA,NA
E565_289,0.3609,NA,NA
E3902_129,0.1604,NA,NA
E920_728,NA,0.91103,NA
E1048_707,NA,NA,0.88471
E4532_613,NA,0.76692,NA
E3650_165,0.20551,NA,NA
E3003_506,0.63283,NA,NA
E1930_238,0.29699,NA,NA
E3965_322,0.40226,NA,NA
E340_99,NA,0.12281,NA
E3958_331,0.41353,NA,NA
E294_327,NA,NA,0.40852
E2706_744,0.93108,NA,NA
E545_492,NA,0.61529,NA
E3175_371,0.46366,NA,NA
E2401_628,NA,0.78571,NA
E832_349,NA,0.43609,NA
E3083_435,0.54386,NA,NA
E3495_721,NA,NA,0.90226
E2509_146,NA,0.1817,NA
E3556_181,0.22556,NA,NA
E1343_338,NA,0.42231,NA
E710_128,0.15915,NA,NA
E1643_188,NA,0.23434,NA
E1794_103,0.12782,NA,NA
E4729_700,NA,0.87594,NA
E4656_443,0.55388,NA,NA
E3603_206,0.25689,NA,NA
E757_149,NA,0.18546,NA
E3008_359,0.44862,NA,NA
E2350_597,NA,0.74687,NA
E3850_266,NA,0.33208,NA
E3297_703,NA,0.8797,NA
E2530_300,0.37469,NA,NA
E865_461,0.57644,NA,NA
E4138_53,NA,NA,0.06516
E1119_116,0.14411,NA,NA
E2241_273,0.34085,NA,NA
E1625_583,0.72932,NA,NA
E4829_396,0.49499,NA,NA
E4724_37,0.04511,NA,NA
E4324_30,0.03634,NA,NA
E4099_739,0.92481,NA,NA
E4395_724,NA,NA,0.90602
E4291_408,NA,0.51003,NA
E2215_622,0.7782,NA,NA
E3969_510,0.63784,NA,NA
E1710_488,NA,0.61028,NA
E997_223,NA,0.2782,NA
E4140_767,NA,NA,0.9599
E2205_320,0.39975,NA,NA
E1295_318,NA,0.39724,NA
E4582_206,NA,0.25689,NA
E3901_5,NA,NA,0.00501
E1697_477,NA,0.59649,NA
E487_237,0.29574,NA,NA
E901_243,NA,NA,0.30326
E2393_608,0.76065,NA,NA
E4744_163,0.20301,NA,NA
E3950_39,NA,NA,0.04762
E2398_361,NA,0.45113,NA
E1611_424,NA,0.53008,NA
E1593_122,0.15163,NA,NA
E3998_514,NA,NA,0.64286
E2253_26,0.03133,NA,NA
E4219_385,NA,NA,0.4812
E4626_635,NA,0.79449,NA
E3420_371,NA,NA,0.46366
E2270_157,NA,0.19549,NA
E2865_751,NA,NA,0.93985
E3794_603,0.75439,NA,NA
E2717_435,0.54386,NA,NA
E3501_310,NA,NA,0.38722
E2823_750,0.9386,NA,NA
E4606_9,0.01003,NA,NA
E685_639,0.7995,NA,NA
E659_185,0.23058,NA,NA
E2316_83,0.10276,NA,NA
E4003_209,NA,NA,0.26065
E1574_174,NA,NA,0.21679
E193_146,0.1817,NA,NA
E2145_378,0.47243,NA,NA
E1285_736,NA,0.92105,NA
E21_579,0.72431,NA,NA
E2471_493,0.61654,NA,NA
E2918_6,NA,0.00627,NA
E2048_625,0.78195,NA,NA
E761_19,0.02256,NA,NA
E501_95,NA,NA,0.11779
E3295_45,0.05514,NA,NA
E2077_632,0.79073,NA,NA
E4567_562,0.70301,NA,NA
E4542_797,0.99749,NA,NA
E4142_223,NA,NA,0.2782
E1148_714,0.89348,NA,NA
E138_668,NA,NA,0.83584
E146_650,NA,NA,0.81328
E1410_229,NA,NA,0.28571
E2917_264,0.32957,NA,NA
E4565_565,NA,NA,0.70677
E1439_94,0.11654,NA,NA
E1513_556,0.69549,NA,NA
E2861_717,NA,0.89724,NA
E4356_621,NA,NA,0.77694
E2831_46,NA,NA,0.05639
E3938_222,0.27694,NA,NA
E502_31,0.03759,NA,NA
E1835_1,NA,NA,0.0
E1061_436,NA,0.54511,NA
E1505_101,NA,NA,0.12531
E2779_472,NA,0.59023,NA
E4816_60,NA,NA,0.07393
E4039_464,NA,NA,0.5802
E3399_36,NA,0.04386,NA
E4643_294,0.36717,NA,NA
E3633_480,0.60025,NA,NA
E608_693,NA,0.86717,NA
E459_362,NA,NA,0.45238
E3254_421,NA,0.52632,NA
E1498_411,0.51378,NA,NA
E3880_508,NA,NA,0.63534
E2537_574,0.71805,NA,NA
E4730_407,NA,NA,0.50877
E1884_251,NA,0.31328,NA
E3058_83,0.10276,NA,NA
E1165_624,NA,NA,0.7807
E3638_140,NA,NA,0.17419
E2136_622,NA,NA,0.7782
E2684_27,NA,0.03258,NA
E1596_500,NA,0.62531,NA
E2819_589,NA,0.73684,NA
E4412_560,NA,NA,0.7005
E1270_721,NA,0.90226,NA
E4047_577,NA,0.7218,NA
E165_228,NA,NA,0.28446
E1242_222,0.27694,NA,NA
E4910_103,NA,0.12782,NA
E536_216,NA,0.26942,NA
E3435_434,NA,0.54261,NA
E4261_747,NA,0.93484,NA
E1115_618,0.77318,NA,NA
E62_738,NA,NA,0.92356
E4694_297,NA,NA,0.37093
E4348_639,NA,0.7995,NA
E1454_340,NA,0.42481,NA
E3855_406,NA,NA,0.50752
E1664_536,NA,NA,0.67043
E4770_38,0.04637,NA,NA
E2052_390,NA,NA,0.48747
E3410_649,NA,NA,0.81203
E3344_9,0.01003,NA,NA
E1412_287,0.3584,NA,NA
E3591_216,NA,NA,0.26942
E1496_303,NA,0.37845,NA
E2447_626,0.78321,NA,NA
E515_515,NA,0.64411,NA
E91_756,0.94612,NA,NA
E789_304,NA,0.3797,NA
E3525_304,0.3797,NA,NA
E3460_634,NA,NA,0.79323
E3466_277,0.34586,NA,NA
E547_244,0.30451,NA,NA
E838_707,NA,0.88471,NA
E926_317,NA,0.39599,NA
E1235_264,NA,0.32957,NA
E3382_799,1.0,NA,NA
E2387_31,0.03759,NA,NA
E3641_597,NA,0.74687,NA
E3161_234,NA,NA,0.29198
E4894_19,NA,0.02256,NA
E888_328,NA,NA,0.40977
E1629_2,NA,NA,0.00125
E1721_232,NA,NA,0.28947
E1559_442,NA,0.55263,NA
E2712_151,NA,NA,0.18797
E3503_770,0.96366,NA,NA
E2788_600,0.75063,NA,NA
E4069_180,NA,0.22431,NA
E3035_82,NA,0.1015,NA
E4592_205,NA,NA,0.25564
E19_441,NA,NA,0.55138
E4774_330,NA,NA,0.41228
E1230_719,NA,NA,0.89975
E286_558,0.69799,NA,NA
E2321_618,NA,NA,0.77318
E1077_785,NA,NA,0.98246
E1310_131,NA,0.16291,NA
E3585_613,NA,0.76692,NA
E3569_559,NA,NA,0.69925
E4725_32,0.03885,NA,NA
E3080_129,0.1604,NA,NA
E2466_199,NA,NA,0.24812
E2168_150,NA,NA,0.18672
E4697_750,0.9386,NA,NA
E2565_76,NA,0.09398,NA
E4125_653,NA,NA,0.81704
E3400_775,NA,0.96992,NA
E2902_171,0.21303,NA,NA
E1872_167,NA,NA,0.20802
E722_535,0.66917,NA,NA
E1118_2,0.00125,NA,NA
E3948_145,NA,0.18045,NA
E613_456,0.57018,NA,NA
E815_368,NA,NA,0.4599
E4997_604,NA,0.75564,NA
E4620_204,NA,0.25439,NA
E2660_481,NA,0.6015,NA
E67_661,0.82707,NA,NA
E2546_334,NA,0.41729,NA
E786_675,NA,0.84461,NA
E3643_15,NA,0.01754,NA
E3369_47,NA,NA,0.05764
E4274_758,NA,NA,0.94862
E522_147,0.18296,NA,NA
E251_549,0.68672,NA,NA
E4377_31,0.03759,NA,NA
E4868_795,NA,NA,0.99499
E2344_299,NA,NA,0.37343
E1350_606,NA,0.75815,NA
E3217_58,NA,0.07143,NA
E2349_484,NA,0.60526,NA
E951_432,0.5401,NA,NA
E1493_27,0.03258,NA,NA
E2169_453,0.56642,NA,NA
E2775_748,NA,0.93609,NA
E2426_116,0.14411,NA,NA
E4883_337,NA,NA,0.42105
E3966_328,NA,0.40977,NA
E3246_202,NA,0.25188,NA
E426_507,0.63409,NA,NA
E3285_327,NA,NA,0.40852
E245_652,0.81579,NA,NA
E863_724,0.90602,NA,NA
E764_784,NA,NA,0.9812
E2544_574,NA,NA,0.71805
E3272_245,NA,NA,0.30576
E3259_49,0.06015,NA,NA
E1964_369,0.46115,NA,NA
E1549_730,0.91353,NA,NA
E2082_685,NA,NA,0.85714
E182_593,0.74185,NA,NA
E248_600,NA,0.75063,NA
E1386_410,NA,0.51253,NA
E4785_458,0.57268,NA,NA
E860_89,NA,NA,0.11028
E1140_622,0.7782,NA,NA
E2359_370,NA,0.46241,NA
E1123_205,NA,0.25564,NA
E3602_607,0.7594,NA,NA
E2893_752,NA,NA,0.9411
E383_720,NA,NA,0.901
E472_751,NA,NA,0.93985
E2059_410,NA,0.51253,NA
E4602_382,NA,NA,0.47744
E1506_36,0.04386,NA,NA
E3574_129,0.1604,NA,NA
E3720_438,NA,NA,0.54762
E1627_740,NA,0.92607,NA
E935_161,NA,NA,0.2005
E3209_575,NA,NA,0.7193
E3788_733,0.91729,NA,NA
E4092_219,NA,NA,0.27318
E3989_570,0.71303,NA,NA
E4905_678,NA,NA,0.84837
E3618_790,0.98872,NA,NA
E4459_231,NA,NA,0.28822
E4541_766,0.95865,NA,NA
E699_149,0.18546,NA,NA
E3656_708,NA,0.88596,NA
E4870_712,0.89098,NA,NA
E2605_525,NA,NA,0.65664
E1186_665,NA,0.83208,NA
E186_213,NA,0.26566,NA
E578_224,NA,NA,0.27945
E1935_749,NA,0.93734,NA
E2_62,0.07644,NA,NA
E2333_736,NA,0.92105,NA
E989_149,NA,0.18546,NA
E1583_54,NA,NA,0.06642
E810_79,0.09774,NA,NA
E4360_171,0.21303,NA,NA
E2460_19,NA,NA,0.02256
E1212_210,NA,0.2619,NA
E675_427,0.53383,NA,NA
E2903_152,0.18922,NA,NA
E2055_160,NA,NA,0.19925
E431_112,0.1391,NA,NA
E4902_142,NA,NA,0.17669
E2627_662,0.82832,NA,NA
E1339_389,0.48622,NA,NA
E2818_260,0.32456,NA,NA
E1541_250,0.31203,NA,NA
E46_782,0.9787,NA,NA
E256_528,0.6604,NA,NA
E572_767,NA,0.9599,NA
E2767_18,0.0213,NA,NA
E2151_734,0.91855,NA,NA
E3813_632,NA,0.79073,NA
E3590_167,0.20802,NA,NA
E1216_766,0.95865,NA,NA
E48_405,0.50627,NA,NA
E4016_519,0.64912,NA,NA
E688_690,NA,NA,0.86341
E4803_371,0.46366,NA,NA
E2124_360,0.44987,NA,NA
E1594_263,0.32832,NA,NA
E750_531,0.66416,NA,NA
E3723_600,0.75063,NA,NA
E3994_42,NA,0.05138,NA
E3993_742,NA,0.92857,NA
E4798_548,NA,0.68546,NA
E1168_788,NA,NA,0.98622
E3521_749,NA,NA,0.93734
E2422_781,NA,NA,0.97744
E3476_779,0.97494,NA,NA
E4484_179,0.22306,NA,NA
E2439_784,0.9812,NA,NA
E617_694,NA,NA,0.86842
E2239_101,0.12531,NA,NA
E3220_396,0.49499,NA,NA
E1065_436,NA,0.54511,NA
E50_772,NA,0.96617,NA
E2317_186,NA,NA,0.23183
E3612_32,0.03885,NA,NA
E2395_378,0.47243,NA,NA
E1827_136,NA,NA,0.16917
E4272_453,0.56642,NA,NA
E4163_50,NA,NA,0.0614
E3372_724,NA,NA,0.90602
E3960_534,NA,NA,0.66792
E4077_111,0.13784,NA,NA
E4326_133,0.16541,NA,NA
E1929_763,0.95489,NA,NA
E3353_639,NA,0.7995,NA
E1000_408,NA,0.51003,NA
E3456_342,0.42732,NA,NA
E2573_415,NA,NA,0.5188
E2839_507,0.63409,NA,NA
E3854_407,NA,0.50877,NA
E521_199,NA,0.24812,NA
E4823_678,NA,NA,0.84837
E3155_701,0.87719,NA,NA
E2744_279,NA,0.34837,NA
E2652_72,NA,0.08897,NA
E3118_162,0.20175,NA,NA
E1931_124,NA,0.15414,NA
E2524_66,NA,NA,0.08145
E2991_278,0.34712,NA,NA
E851_44,0.05388,NA,NA
E3913_763,0.95489,NA,NA
E4146_686,NA,NA,0.8584
E195_327,NA,0.40852,NA
E3609_779,NA,NA,0.97494
E4315_208,NA,NA,0.2594
E2102_98,0.12155,NA,NA
E57_604,0.75564,NA,NA
E4494_209,NA,NA,0.26065
E1585_530,NA,NA,0.66291
E2334_702,0.87845,NA,NA
E2653_420,0.52506,NA,NA
E3709_537,0.67168,NA,NA
E3926_618,NA,0.77318,NA
E4637_588,0.73559,NA,NA
E3347_627,0.78446,NA,NA
E1514_798,NA,NA,0.99875
E4757_693,0.86717,NA,NA
E1918_609,NA,0.7619,NA
E2213_234,NA,NA,0.29198
E2406_160,0.19925,NA,NA
E4204_18,NA,NA,0.0213
E721_7,NA,NA,0.00752
E2926_92,NA,0.11404,NA
E2332_221,0.27569,NA,NA
E4007_785,NA,NA,0.98246
E2989_133,0.16541,NA,NA
E4238_651,0.81454,NA,NA
E1553_318,0.39724,NA,NA
E3484_253,0.31579,NA,NA
E1384_646,0.80827,NA,NA
E4510_735,0.9198,NA,NA
E2037_109,NA,0.13534,NA
E1347_61,NA,NA,0.07519
E2967_98,0.12155,NA,NA
E1959_298,NA,0.37218,NA
E2392_344,0.42982,NA,NA
E4736_793,0.99248,NA,NA
E2427_244,NA,NA,0.30451
E4881_790,NA,NA,0.98872
E2939_27,0.03258,NA,NA
E1650_774,NA,NA,0.96867
E1005_92,NA,0.11404,NA
E151_345,0.43108,NA,NA
E4057_795,0.99499,NA,NA
E2103_461,0.57644,NA,NA
E2890_10,NA,NA,0.01128
E1120_470,NA,NA,0.58772
E1945_721,NA,NA,0.90226
E3277_304,NA,0.3797,NA
E3550_283,NA,NA,0.35338
E1297_604,NA,0.75564,NA
E3593_11,0.01253,NA,NA
E115_221,0.27569,NA,NA
E2844_75,0.09273,NA,NA
E2929_49,0.06015,NA,NA
E4980_452,NA,0.56516,NA
E1555_508,0.63534,NA,NA
E1164_279,0.34837,NA,NA
E3827_552,0.69048,NA,NA
E3840_277,NA,NA,0.34586
E677_638,NA,0.79825,NA
E745_121,0.15038,NA,NA
E3536_85,NA,NA,0.10526
E3582_552,NA,NA,0.69048
E3626_289,NA,0.3609,NA
E3388_269,NA,0.33584,NA
E1368_392,NA,NA,0.48997
E3526_162,NA,0.20175,NA
E1335_734,0.91855,NA,NA
E4488_434,0.54261,NA,NA
E568_477,NA,0.59649,NA
E3944_19,NA,NA,0.02256
E2803_304,0.3797,NA,NA
E4442_627,0.78446,NA,NA
E4471_331,NA,0.41353,NA
E2741_361,0.45113,NA,NA
E114_674,NA,NA,0.84336
E1500_781,0.97744,NA,NA
E3441_191,NA,NA,0.2381
E2486_116,0.14411,NA,NA
E1731_568,0.71053,NA,NA
E3658_317,0.39599,NA,NA
E770_466,0.58271,NA,NA
E3337_592,0.7406,NA,NA
E2367_510,0.63784,NA,NA
E3764_559,0.69925,NA,NA
E3853_530,0.66291,NA,NA
E365_509,NA,0.63659,NA
E1958_745,0.93233,NA,NA
E2434_412,0.51504,NA,NA
E3925_15,0.01754,NA,NA
E597_289,NA,NA,0.3609
E4649_8,NA,NA,0.00877
E4122_397,NA,NA,0.49624
E4468_617,0.77193,NA,NA
E3785_499,NA,0.62406,NA
E4759_540,0.67544,NA,NA
E4174_434,0.54261,NA,NA
E689_671,NA,NA,0.8396
E2118_319,NA,0.3985,NA
E1146_74,NA,NA,0.09148
E3316_593,0.74185,NA,NA
E1417_770,NA,NA,0.96366
E3228_504,NA,0.63033,NA
E2528_567,0.70927,NA,NA
E167_67,0.08271,NA,NA
E4882_403,NA,NA,0.50376
E4710_187,0.23308,NA,NA
E4422_520,0.65038,NA,NA
E1122_455,NA,NA,0.56892
E4476_395,NA,NA,0.49373
E4989_38,0.04637,NA,NA
E2442_310,0.38722,NA,NA
E3158_408,NA,NA,0.51003
E2678_624,NA,0.7807,NA
E319_605,0.75689,NA,NA
E3006_542,NA,0.67794,NA
E2612_105,NA,NA,0.13033
E3332_418,NA,NA,0.52256
E3669_600,0.75063,NA,NA
E3529_790,NA,NA,0.98872
E1105_76,0.09398,NA,NA
E4480_456,0.57018,NA,NA
E2041_762,NA,NA,0.95363
E1519_19,NA,NA,0.02256
E1032_512,0.64035,NA,NA
E1849_290,NA,0.36216,NA
E2152_330,NA,NA,0.41228
E4841_458,NA,NA,0.57268
E77_594,NA,0.74311,NA
E739_661,NA,0.82707,NA
E3727_754,NA,0.94361,NA
E4885_712,NA,NA,0.89098
E534_482,0.60276,NA,NA
E4537_118,NA,0.14662,NA
E2662_146,0.1817,NA,NA
E3351_247,0.30827,NA,NA
E4148_520,NA,0.65038,NA
E725_694,0.86842,NA,NA
E3262_100,NA,NA,0.12406
E3416_93,0.11529,NA,NA
E4203_242,0.30201,NA,NA
E788_54,0.06642,NA,NA
E4389_198,0.24687,NA,NA
E1375_326,NA,NA,0.40727
E3166_368,0.4599,NA,NA
E3980_44,NA,NA,0.05388
E4739_730,NA,NA,0.91353
E408_86,0.10652,NA,NA
E2228_422,NA,0.52757,NA
E2188_449,NA,NA,0.5614
E3430_195,NA,NA,0.24311
E2285_265,NA,0.33083,NA
E550_242,NA,NA,0.30201
E3036_449,NA,0.5614,NA
E3253_782,NA,NA,0.9787
E4970_518,NA,0.64787,NA
E771_79,NA,NA,0.09774
E2066_571,0.71429,NA,NA
E1786_91,NA,0.11278,NA
E3121_791,NA,NA,0.98997
E4121_231,NA,0.28822,NA
E4429_84,NA,0.10401,NA
E1501_104,NA,0.12907,NA
E1784_191,NA,NA,0.2381
E2567_61,NA,NA,0.07519
E4614_784,0.9812,NA,NA
E4734_546,0.68296,NA,NA
E516_105,NA,NA,0.13033
E546_151,NA,NA,0.18797
E2189_446,0.55764,NA,NA
E882_606,0.75815,NA,NA
E576_706,0.88346,NA,NA
E1782_108,0.13409,NA,NA
E2453_655,NA,0.81955,NA
