,PseudoTime1,PseudoTime2,PseudoTime3,PseudoTime4,PseudoTime5
E470_467,,,,0.93574,
E1543_357,0.71486,,,,
E1276_77,0.15261,,,,
E711_151,,0.3012,,,
E484_266,,,0.53213,,
E1772_384,0.76908,,,,
E1861_490,,,,,0.98193
E995_394,,,0.7891600000000001,,
E1467_2,,,0.00201,,
E1811_307,0.61446,,,,
E977_184,,,,0.36746999999999996,
E809_349,,0.6988,,,
E1247_255,,0.5100399999999999,,,
E775_497,0.99598,,,,
E1273_152,0.30321,,,,
E105_442,,0.88554,,,
E1681_164,,0.32731,,,
E1567_448,,,0.89759,,
E335_180,,,,,0.35944
E27_149,,,,,0.29719
E88_363,,,0.7269100000000001,,
E1195_387,,,0.7751,,
E785_293,0.58635,,,,
E1815_201,,,0.40160999999999997,,
E191_383,,,0.76707,,
E180_34,,0.06627000000000001,,,
E1657_336,,,0.67269,,
E272_189,0.37751,,,,
E610_390,,,0.78112,,
E1755_344,,0.68876,,,
E1025_215,,0.42972,,,
E1121_35,0.06827000000000001,,,,
E1971_131,,,0.26104,,
E1787_399,,0.7992,,,
E1707_375,0.7509999999999999,,,,
E1080_427,,,0.8554200000000001,,
E1749_59,,0.11647,,,
E1614_449,,,0.8996,,
E390_264,0.5281100000000001,,,,
E1499_1,0.0,,,,
E415_215,0.42972,,,,
E257_427,,,,0.8554200000000001,
E604_472,,0.94578,,,
E1252_21,,,0.04016,,
E1536_293,,,0.58635,,
E1109_424,,0.8494,,,
E1143_310,,0.62048,,,
E1710_164,0.32731,,,,
E339_92,0.18273,,,,
E1236_343,,,0.68675,,
E397_370,,,0.7409600000000001,,
E301_426,,,0.85341,,
E794_312,0.6245,,,,
E595_490,,,,,0.98193
E524_363,,,0.7269100000000001,,
E1763_362,,,0.7249,,
E1065_305,0.61044,,,,
E1745_255,0.5100399999999999,,,,
E1732_398,,0.79719,,,
E1808_77,,,0.15261,,
E813_354,0.7088399999999999,,,,
E394_95,,0.18875999999999998,,,
E502_12,,,0.022090000000000002,,
E161_348,,,0.6967899999999999,,
E532_38,,,,,0.0743
E1066_72,0.14257,,,,
E147_292,0.58434,,,,
E420_141,,,,,0.28112
E1941_105,0.20884,,,,
E207_240,0.47991999999999996,,,,
E946_162,0.32329,,,,
E63_456,0.91365,,,,
E202_302,0.60442,,,,
E278_213,0.4257,,,,
E658_361,,,0.7228899999999999,,
E1816_27,,0.05221,,,
E650_105,,0.20884,,,
E1217_204,,,0.40763,,
E1205_134,,0.26707,,,
E609_245,,0.48996000000000006,,,
E1552_401,,,0.8032100000000001,,
E784_47,,0.09237000000000001,,,
E802_268,,0.53614,,,
E1864_394,0.7891600000000001,,,,
E130_440,,,0.8815299999999999,,
E869_7,,0.01205,,,
E1748_106,,,0.21084,,
E439_70,,,0.13855,,
E826_150,0.2992,,,,
E1104_260,,,0.52008,,
E483_381,0.76305,,,,
E1537_58,,0.11445999999999999,,,
E769_454,0.90964,,,,
E879_289,0.57831,,,,
E1140_204,,,,0.40763,
E1929_276,,,0.5522100000000001,,
E1751_62,,,0.12249000000000002,,
E1319_469,0.93976,,,,
E654_239,0.47791000000000006,,,,
E116_239,,0.47791000000000006,,,
E1462_198,,,0.39558000000000004,,
E1769_390,,0.78112,,,
E1175_2,,0.00201,,,
E1847_343,,,0.68675,,
E1757_418,,,0.83735,,
E928_336,0.67269,,,,
E1573_497,,0.99598,,,
E1555_126,0.251,,,,
E449_61,,0.12047999999999999,,,
E1607_365,,,0.73092,,
E797_133,,,0.26506,,
E998_1,,,0.0,,
E1019_1,,,,0.0,
E559_45,,0.08835,,,
E787_442,,0.88554,,,
E1604_191,0.38153000000000004,,,,
E1859_80,0.15863,,,,
E1872_200,,,0.3996,,
E762_407,,,0.81526,,
E64_35,0.06827000000000001,,,,
E1108_99,0.19679000000000002,,,,
E1818_366,0.73293,,,,
E69_444,,,0.88956,,
E1879_288,,,0.57631,,
E1128_72,,0.14257,,,
E1301_452,,0.9056200000000001,,,
E833_275,,,0.5502,,
E844_407,,,,,0.81526
E1146_256,0.51205,,,,
E72_245,,,0.48996000000000006,,
E1259_202,,,0.40360999999999997,,
E282_73,0.14458,,,,
E1347_305,,,,0.61044,
E432_452,0.9056200000000001,,,,
E1975_407,0.81526,,,,
E937_114,0.22691,,,,
E850_96,0.19075999999999999,,,,
E1504_387,,,0.7751,,
E1705_60,,0.11847,,,
E573_20,0.03815,,,,
E1852_462,,,0.9257,,
E11_434,0.8694799999999999,,,,
E1624_337,0.6747,,,,
E691_370,,,0.7409600000000001,,
E375_97,,0.19277,,,
E685_266,,,0.53213,,
E275_385,,,,,0.77108
E1040_372,,,0.74498,,
E1985_422,,,,,0.8453799999999999
E473_471,0.94378,,,,
E1464_107,0.21285,,,,
E503_450,,0.90161,,,
E1242_307,,0.61446,,,
E1803_101,,0.2008,,,
E151_469,,0.93976,,,
E814_449,,0.8996,,,
E1836_63,0.1245,,,,
E482_136,,,0.27108000000000004,,
E640_17,0.03213,,,,
E614_178,0.35541999999999996,,,,
E1795_246,0.49196999999999996,,,,
E1874_107,0.21285,,,,
E837_480,,,,0.96185,
E1488_352,,0.70482,,,
E428_309,0.61847,,,,
E199_63,0.1245,,,,
E1557_374,0.7490000000000001,,,,
E777_492,,,0.9859399999999999,,
E1335_101,,0.2008,,,
E1241_495,,,0.99197,,
E33_482,,,0.96586,,
E1060_41,,,,,0.08032
E491_80,0.15863,,,,
E1947_139,0.27710999999999997,,,,
E1577_489,,0.9799200000000001,,,
E354_466,0.93373,,,,
E875_300,,,0.6004,,
E132_339,,0.67871,,,
E1708_188,,,,0.3755,
E1909_151,,,0.3012,,
E472_377,,,0.75502,,
E1064_117,0.23293000000000003,,,,
E1029_67,,0.13253,,,
E1321_418,,,0.83735,,
E1962_282,,0.56426,,,
E246_448,,,,,0.89759
E497_393,,0.78715,,,
E1164_28,,,0.054220000000000004,,
E1403_226,,0.45181000000000004,,,
E1157_33,0.06426,,,,
E1271_46,,0.09036,,,
E888_499,,1.0,,,
E166_156,,0.31124,,,
E222_161,,,,,0.32129
E465_388,0.7771100000000001,,,,
E160_25,0.04819,,,,
E281_278,,0.5562199999999999,,,
E164_41,0.08032,,,,
E1360_93,0.18474000000000002,,,,
E772_14,0.0261,,,,
E698_475,0.95181,,,,
E1384_383,,,0.76707,,
E411_374,,,0.7490000000000001,,
E1525_34,,,0.06627000000000001,,
E217_337,,,0.6747,,
E738_172,,,,0.34337,
E893_368,,0.73695,,,
E555_142,0.28313,,,,
E386_158,0.31526,,,,
E1272_265,,,0.53012,,
E1937_349,,,0.6988,,
E44_273,,0.54618,,,
E1949_486,,0.9739,,,
E1775_267,0.53414,,,,
E1078_341,0.6827300000000001,,,,
E962_27,,,0.05221,,
E1058_330,,,0.66064,,
E796_411,,0.82329,,,
E1838_64,,,0.12650999999999998,,
E181_154,0.30723,,,,
E1125_323,,,,,0.64659
E1759_370,0.7409600000000001,,,,
E1379_291,0.58233,,,,
E1457_217,,,0.43373,,
E766_296,0.59237,,,,
E1789_232,0.46386000000000005,,,,
E702_410,0.82129,,,,
E76_1,,,,,0.0
E1978_413,0.82731,,,,
E1294_370,,,0.7409600000000001,,
E1917_413,,,0.82731,,
E1038_305,,0.61044,,,
E286_77,0.15261,,,,
E1410_458,,0.9176700000000001,,,
E1409_154,,,0.30723,,
E1127_486,,,0.9739,,
E153_59,,0.11647,,,
E224_204,,,0.40763,,
E47_31,,0.060239999999999995,,,
E1670_278,,0.5562199999999999,,,
E1931_127,0.25301,,,,
E476_328,0.65663,,,,
E215_291,,,0.58233,,
E1219_63,,0.1245,,,
E1533_52,,0.10240999999999999,,,
E1014_149,0.29719,,,,
E1943_260,,0.52008,,,
E1455_105,0.20884,,,,
E1930_388,0.7771100000000001,,,,
E1416_294,,,0.58835,,
E405_60,0.11847,,,,
E422_371,,,0.74297,,
E1550_287,,,0.5743,,
E1807_22,,,,0.04217,
E1265_330,,,,0.66064,
E359_491,0.9839399999999999,,,,
E95_15,,0.028110000000000003,,,
E1314_494,,,0.9899600000000001,,
E1895_281,,,,0.56225,
E1334_316,0.63253,,,,
E434_367,,,0.7349399999999999,,
E1268_270,0.5401600000000001,,,,
E851_238,0.4759,,,,
E1956_162,,,0.32329,,
E334_98,,0.19478,,,
E1026_101,,,0.2008,,
E1684_341,,0.6827300000000001,,,
E1799_159,0.31727,,,,
E1154_381,,0.76305,,,
E1661_62,,0.12249000000000002,,,
E5_350,,0.7008,,,
E1631_357,,,,0.71486,
E1761_462,,,0.9257,,
E1876_438,0.87751,,,,
E183_265,,0.53012,,,
E324_301,,,0.60241,,
E983_121,,,0.24095999999999998,,
E1798_126,0.251,,,,
E1974_283,,0.5662699999999999,,,
E1686_52,,,0.10240999999999999,,
E337_492,,0.9859399999999999,,,
E54_277,,0.5542199999999999,,,
E681_237,0.4739,,,,
E1984_352,,0.70482,,,
E1310_374,,,,,0.7490000000000001
E1415_370,0.7409600000000001,,,,
E1565_112,,,0.22289,,
E1341_12,,0.022090000000000002,,,
E252_138,,0.2751,,,
E6_9,0.016059999999999998,,,,
E815_482,,,0.96586,,
E94_185,0.36948000000000003,,,,
E448_342,,0.68474,,,
E899_443,,0.88755,,,
E839_329,,,0.65863,,
E957_187,0.37349,,,,
E52_155,,,0.30924,,
E352_372,,0.74498,,,
E594_215,0.42972,,,,
E883_354,0.7088399999999999,,,,
E1032_298,,0.59639,,,
E431_351,0.70281,,,,
E1007_29,,0.056220000000000006,,,
E1658_120,,,0.23895999999999998,,
E1529_201,0.40160999999999997,,,,
E1367_209,0.41767,,,,
E1477_143,,0.28514,,,
E782_274,,0.54819,,,
E908_327,0.65462,,,,
E373_306,,0.61245,,,
E1652_172,,0.34337,,,
E870_308,0.61647,,,,
E1119_327,,,0.65462,,
E507_455,,,0.91165,,
E414_111,0.22088000000000002,,,,
E768_184,,0.36746999999999996,,,
E371_391,,,0.78313,,
E1703_261,0.5220899999999999,,,,
E384_470,,,0.9417700000000001,,
E581_358,0.71687,,,,
E982_387,,0.7751,,,
E351_440,0.8815299999999999,,,,
E1773_447,,,0.8955799999999999,,
E603_401,,,0.8032100000000001,,
E877_27,,,0.05221,,
E1976_50,,0.09838999999999999,,,
E1120_272,0.54418,,,,
E527_480,0.96185,,,,
E571_448,,,,,0.89759
E1501_446,0.8935700000000001,,,,
E1138_96,,0.19075999999999999,,,
E1532_102,,,,,0.20281
E1714_242,,0.48394,,,
E1073_237,,,0.4739,,
E1227_216,0.43173,,,,
E849_100,0.1988,,,,
E1765_366,0.73293,,,,
E629_381,0.76305,,,,
E92_484,0.96988,,,,
E1043_11,,,0.02008,,
E1907_291,0.58233,,,,
E1427_286,,,0.57229,,
E902_262,,,0.5241,,
E1370_182,,0.36345,,,
E1699_375,,,,,0.7509999999999999
E1220_326,,,0.65261,,
E1983_118,0.23494,,,,
E302_309,,,0.61847,,
E1031_180,0.35944,,,,
E880_179,0.35743,,,,
E163_198,0.39558000000000004,,,,
E1672_293,,,0.58635,,
E1977_334,0.66867,,,,
E344_215,,0.42972,,,
E1396_360,,,0.72088,,
E1208_399,,0.7992,,,
E1939_452,,0.9056200000000001,,,
E779_180,0.35944,,,,
E360_265,,,,,0.53012
E657_301,,,0.60241,,
E1258_40,,0.07831,,,
E38_150,,0.2992,,,
E435_485,,,,,0.9718899999999999
E1722_87,,0.17269,,,
E1508_235,,,0.46988,,
E196_432,,0.86546,,,
E699_497,,,0.99598,,
E1776_472,0.94578,,,,
E451_156,,,,,0.31124
E175_132,,,,0.26305,
E1541_79,,,0.15663,,
E120_78,0.15462,,,,
E1843_154,,0.30723,,,
E1254_173,,0.34538,,,
E1448_420,,0.8413700000000001,,,
E1292_110,0.21888000000000002,,,,
E1295_245,,,0.48996000000000006,,
E923_498,,,0.9979899999999999,,
E123_33,0.06426,,,,
E646_29,0.056220000000000006,,,,
E1896_437,,,0.8755,,
E854_57,,0.11245,,,
E1741_386,0.7730899999999999,,,,
E1692_16,,,0.030119999999999997,,
E93_393,,0.78715,,,
E25_389,,,0.77912,,
E1594_435,,0.87149,,,
E398_397,0.79518,,,,
E1511_282,,0.56426,,,
E174_375,0.7509999999999999,,,,
E1689_469,,,,0.93976,
E1309_388,,0.7771100000000001,,,
E537_393,0.78715,,,,
E429_495,,,0.99197,,
E1928_470,0.9417700000000001,,,,
E868_5,,,0.008029999999999999,,
E583_66,0.13052,,,,
E881_62,,,0.12249000000000002,,
E897_100,,,0.1988,,
E1381_361,,,0.7228899999999999,,
E780_312,,,0.6245,,
E1144_355,,0.7108399999999999,,,
E1418_214,,0.42771000000000003,,,
E1601_433,,,,0.8674700000000001,
E445_199,0.39759,,,,
E1413_190,0.37951999999999997,,,,
E230_383,,,0.76707,,
E1102_380,,0.7610399999999999,,,
E783_457,0.91566,,,,
E1475_90,,0.17870999999999998,,,
E385_364,0.72892,,,,
E1079_259,,,0.51807,,
E24_350,0.7008,,,,
E952_9,0.016059999999999998,,,,
E1199_100,,0.1988,,,
E388_3,,,0.00402,,
E576_79,,0.15663,,,
E1442_145,,0.28916,,,
E959_400,,,0.8012,,
E1665_28,,,,0.054220000000000004,
E1666_13,,,,,0.0241
E1011_324,,,0.64859,,
E944_226,,,0.45181000000000004,,
E372_207,0.41365,,,,
E1471_172,,,0.34337,,
E1245_465,,0.93173,,,
E1486_374,0.7490000000000001,,,,
E115_320,0.64056,,,,
E830_248,,,0.49598000000000003,,
E1643_196,,,0.39157,,
E566_377,0.75502,,,,
E1134_19,,,0.03614,,
E487_27,0.05221,,,,
E103_67,,,0.13253,,
E1419_245,,,0.48996000000000006,,
E1337_180,0.35944,,,,
E399_255,,,0.5100399999999999,,
E1385_380,,,0.7610399999999999,,
E1189_252,,,0.50402,,
E993_274,,0.54819,,,
E1322_474,0.9498,,,,
E288_340,,0.68072,,,
E607_218,0.43573999999999996,,,,
E1791_28,,0.054220000000000004,,,
E152_410,0.82129,,,,
E1355_356,,,0.71285,,
E1996_356,,0.71285,,,
E876_257,,0.5140600000000001,,,
E1574_75,,0.14859,,,
E254_317,0.63454,,,,
E1855_354,0.7088399999999999,,,,
E666_40,,,,,0.07831
E193_6,0.01004,,,,
E956_121,,,0.24095999999999998,,
E598_58,,,,,0.11445999999999999
E1880_353,0.7068300000000001,,,,
E1844_209,0.41767,,,,
E1713_371,,0.74297,,,
E1659_21,,,0.04016,,
E580_295,0.59036,,,,
E379_371,,0.74297,,,
E1642_24,,,0.04618,,
E1033_439,,,0.8795200000000001,,
E1257_146,0.29116,,,,
E1269_59,,,0.11647,,
E1115_10,,,,0.01807,
E73_139,0.27710999999999997,,,,
E664_492,,,0.9859399999999999,,
E1649_459,0.9196799999999999,,,,
E1299_312,,0.6245,,,
E485_286,,0.57229,,,
E804_403,,,0.80723,,
E1921_78,0.15462,,,,
E917_466,,,0.93373,,
E688_202,,,0.40360999999999997,,
E757_478,,,,0.95783,
E534_288,,0.57631,,,
E1045_270,,0.5401600000000001,,,
E45_173,,,0.34538,,
E49_238,0.4759,,,,
E602_146,,0.29116,,,
E1264_389,0.77912,,,,
E389_424,,0.8494,,,
E649_304,,,0.60843,,
E1293_167,,0.33333,,,
E859_482,,,0.96586,,
E1738_302,0.60442,,,,
E1459_279,,,0.55823,,
E807_71,,,,,0.14056
E968_145,0.28916,,,,
E1165_136,,,0.27108000000000004,,
E262_231,0.46185,,,,
E520_413,,,0.82731,,
E628_345,,,0.69076,,
E1472_446,,,0.8935700000000001,,
E176_146,,0.29116,,,
E1797_231,,,0.46185,,
E644_226,,0.45181000000000004,,,
E494_285,0.57028,,,,
E1954_290,0.58032,,,,
E318_166,0.33133,,,,
E21_27,0.05221,,,,
E1061_96,,,0.19075999999999999,,
E1445_236,0.47189,,,,
E269_496,,,,,0.99398
E1479_264,,,0.5281100000000001,,
E1342_128,,,0.25501999999999997,,
E1261_86,,,,0.17068,
E333_371,,,0.74297,,
E1209_87,,,0.17269,,
E1599_428,,,0.8574299999999999,,
E1054_394,,,0.7891600000000001,,
E1221_116,,0.23092,,,
E1819_406,,,0.81325,,
E825_198,,0.39558000000000004,,,
E387_495,,,0.99197,,
E438_494,,0.9899600000000001,,,
E678_83,,0.16466,,,
E35_234,,,0.46787,,
E1750_427,,,0.8554200000000001,,
E642_121,,,,0.24095999999999998,
E206_160,,0.31928,,,
E247_366,0.73293,,,,
E723_254,,,,,0.50803
E1709_75,0.14859,,,,
E597_317,,,,,0.63454
E23_91,0.18072,,,,
E1632_192,,0.38353000000000004,,,
E1782_469,0.93976,,,,
E408_133,,0.26506,,,
E83_198,0.39558000000000004,,,,
E932_212,,0.42368999999999996,,,
E1706_425,0.85141,,,,
E353_222,0.44378,,,,
E733_429,,,0.85944,,
E391_80,,,0.15863,,
E1647_291,0.58233,,,,
E1682_88,,,0.1747,,
E182_141,,0.28112,,,
E1794_137,0.27309,,,,
E1693_17,,,0.03213,,
E1218_117,0.23293000000000003,,,,
E143_27,0.05221,,,,
E1325_36,,0.07028,,,
E1037_345,,,0.69076,,
E1408_126,,0.251,,,
E960_294,0.58835,,,,
E715_416,,,0.8333299999999999,,
E693_147,0.29317,,,,
E1172_336,,,,0.67269,
E173_455,,,0.91165,,
E321_25,0.04819,,,,
E619_110,0.21888000000000002,,,,
E514_82,0.16265,,,,
E1966_251,,,,,0.5020100000000001
E142_491,0.9839399999999999,,,,
E675_327,,,0.65462,,
E1900_459,,,0.9196799999999999,,
E1644_444,,,0.88956,,
E1851_394,,,0.7891600000000001,,
E986_348,,0.6967899999999999,,,
E1793_169,0.33735,,,,
E934_10,0.01807,,,,
E855_358,,,0.71687,,
E1461_55,0.10843,,,,
E1998_226,,,0.45181000000000004,,
E1210_462,,0.9257,,,
E248_459,,0.9196799999999999,,,
E1041_161,0.32129,,,,
E1346_481,0.96386,,,,
E364_476,0.9538200000000001,,,,
E1873_29,,0.056220000000000006,,,
E101_256,,0.51205,,,
E752_72,0.14257,,,,
E1327_243,,,0.48594,,
E1697_211,,,0.42168999999999995,,
E843_375,,,0.7509999999999999,,
E1070_44,,0.08635,,,
E416_205,,,0.40963999999999995,,
E1842_167,,0.33333,,,
E1781_88,,,0.1747,,
E990_463,0.92771,,,,
E316_315,,,0.63052,,
E1598_449,0.8996,,,,
E1575_355,,,0.7108399999999999,,
E788_94,0.18675,,,,
E1680_333,,,0.66667,,
E1317_240,0.47991999999999996,,,,
E1351_145,0.28916,,,,
E1050_276,,0.5522100000000001,,,
E1586_338,,,0.67671,,
E29_179,,0.35743,,,
E1129_282,,,0.56426,,
E694_101,0.2008,,,,
E43_228,0.45582,,,,
E1877_240,0.47991999999999996,,,,
E748_245,,,0.48996000000000006,,
E673_368,0.73695,,,,
E1111_279,,,0.55823,,
E1626_170,0.33936,,,,
E1547_51,0.1004,,,,
E277_191,,,0.38153000000000004,,
E569_200,,,0.3996,,
E1542_150,,,0.2992,,
E1881_390,0.78112,,,,
E940_438,0.87751,,,,
E1562_401,0.8032100000000001,,,,
E652_342,0.68474,,,,
E1578_390,,0.78112,,,
E1365_132,0.26305,,,,
E154_493,,,0.98795,,
E453_263,,0.5261,,,
E30_8,,0.01406,,,
E1806_300,,,0.6004,,
E1187_289,,0.57831,,,
E1743_371,,,0.74297,,
E1094_161,0.32129,,,,
E1354_212,,,0.42368999999999996,,
E770_103,,,0.20481999999999997,,
E1326_71,,0.14056,,,
E458_34,,,0.06627000000000001,,
E119_496,,0.99398,,,
E1168_84,,,,,0.16667
E156_42,,,0.08233,,
E529_288,,,,0.57631,
E187_77,,,0.15261,,
E436_97,,,0.19277,,
E307_245,0.48996000000000006,,,,
E546_461,,,0.92369,,
E1177_157,0.31325,,,,
E1623_413,,0.82731,,,
E1539_97,,0.19277,,,
E1431_344,0.68876,,,,
E469_302,,,0.60442,,
E1865_366,,0.73293,,,
E749_10,,0.01807,,,
E1225_195,,0.38956,,,
E547_1,,,0.0,,
E921_205,0.40963999999999995,,,,
E735_200,0.3996,,,,
E78_198,,,0.39558000000000004,,
E1202_175,0.3494,,,,
E184_179,0.35743,,,,
E1340_148,0.29518,,,,
E535_206,,,0.41165,,
E745_207,0.41365,,,,
E1934_475,0.95181,,,,
E1167_415,0.8313299999999999,,,,
E327_74,,,0.14659,,
E548_471,,,0.94378,,
E1821_443,0.88755,,,,
E3_125,,,,,0.249
E190_223,0.44578,,,,
E1190_269,0.53815,,,,
E1702_363,0.7269100000000001,,,,
E479_154,,0.30723,,,
E1938_429,,0.85944,,,
E709_20,,,,,0.03815
E1432_335,,,0.67068,,
E510_429,,,0.85944,,
E1235_235,0.46988,,,,
E808_237,,,0.4739,,
E406_427,0.8554200000000001,,,,
E1358_424,0.8494,,,,
E1783_125,,0.249,,,
E717_336,0.67269,,,,
E1716_25,0.04819,,,,
E600_354,0.7088399999999999,,,,
E144_74,,,0.14659,,
E679_56,,,0.11044000000000001,,
E1022_310,,,0.62048,,
E916_118,,0.23494,,,
E1_260,0.52008,,,,
E744_246,,,0.49196999999999996,,
E1580_32,,0.06225,,,
E1953_215,,0.42972,,,
E910_469,,,0.93976,,
E978_99,,0.19679000000000002,,,
E755_137,0.27309,,,,
E440_488,,,,0.9779100000000001,
E210_20,,0.03815,,,
E1796_225,0.4498,,,,
E1957_229,,0.45783,,,
E1889_253,,0.50602,,,
E15_326,0.65261,,,,
E1653_302,0.60442,,,,
E795_42,,0.08233,,,
E1030_495,,0.99197,,,
E291_207,,,0.41365,,
E1328_168,,,0.33534,,
E455_109,0.21686999999999998,,,,
E1589_372,0.74498,,,,
E1206_197,0.39357,,,,
E1093_32,,,0.06225,,
E560_158,,,,,0.31526
E1324_164,,,,0.32731,
E1433_309,0.61847,,,,
E1277_184,,,0.36746999999999996,,
E541_95,,,0.18875999999999998,,
E1569_115,,,0.22891999999999998,,
E1747_273,0.54618,,,,
E1526_270,0.5401600000000001,,,,
E1853_57,,,,0.11245,
E1551_420,,,0.8413700000000001,,
E1817_318,,0.63655,,,
E1450_296,0.59237,,,,
E552_112,,,0.22289,,
E1746_173,0.34538,,,,
E1388_295,,,0.59036,,
E1516_466,0.93373,,,,
E676_394,0.7891600000000001,,,,
E467_336,,,0.67269,,
E1147_200,,,,0.3996,
E1535_129,0.25703000000000004,,,,
E1972_434,,0.8694799999999999,,,
E1394_426,,,,,0.85341
E1006_221,,,0.44177,,
E1215_252,,0.50402,,,
E295_55,0.10843,,,,
E1304_91,,,0.18072,,
E1485_11,0.02008,,,,
E1718_180,0.35944,,,,
E1640_134,0.26707,,,,
E1238_207,,0.41365,,,
E468_45,0.08835,,,,
E138_281,0.56225,,,,
E481_120,0.23895999999999998,,,,
E1704_160,0.31928,,,,
E292_473,,,0.9477899999999999,,
E1193_20,0.03815,,,,
E1744_368,0.73695,,,,
E7_137,,0.27309,,,
E701_216,,,,,0.43173
E1286_131,,,0.26104,,
E245_28,,,0.054220000000000004,,
E1736_393,,,0.78715,,
E622_174,,,0.34739000000000003,,
E1933_341,,0.6827300000000001,,,
E1062_367,,,0.7349399999999999,,
E1925_354,0.7088399999999999,,,,
E1170_32,0.06225,,,,
E1281_161,0.32129,,,,
E1987_156,,0.31124,,,
E158_368,0.73695,,,,
E1788_475,,,0.95181,,
E1850_488,,0.9779100000000001,,,
E896_284,,,0.5682699999999999,,
E1211_476,,0.9538200000000001,,,
E1561_5,,,0.008029999999999999,,
E1570_58,,,,0.11445999999999999,
E972_88,,,0.1747,,
E1742_270,,0.5401600000000001,,,
E1778_371,,,0.74297,,
E290_333,,,0.66667,,
E924_437,,,0.8755,,
E1320_144,,0.28715,,,
E341_497,,0.99598,,,
E1331_345,,,0.69076,,
E1590_312,,,,0.6245,
E1407_420,,,0.8413700000000001,,
E1729_114,,,0.22691,,
E703_52,0.10240999999999999,,,,
E516_182,,,0.36345,,
E623_281,0.56225,,,,
E271_423,0.84739,,,,
E259_417,,0.83534,,,
E1892_332,,0.66466,,,
E1950_104,,,0.20683,,
E988_280,0.56024,,,,
E1518_360,0.72088,,,,
E1869_299,,0.59839,,,
E317_406,0.81325,,,,
E299_121,,,0.24095999999999998,,
E970_425,,,0.85141,,
E878_113,,,0.2249,,
E564_242,,,0.48394,,
E1380_470,,,0.9417700000000001,,
E558_296,,,0.59237,,
E1882_23,,,,,0.044180000000000004
E396_89,,,0.17670999999999998,,
E1297_33,0.06426,,,,
E227_445,0.8915700000000001,,,,
E1940_199,,,0.39759,,
E1373_142,,,0.28313,,
E903_351,0.70281,,,,
E708_187,0.37349,,,,
E821_123,,,,0.24498000000000003,
E1087_268,,,0.53614,,
E611_200,,0.3996,,,
E1690_23,0.044180000000000004,,,,
E941_287,,0.5743,,,
E1617_361,,,0.7228899999999999,,
E141_301,0.60241,,,,
E243_44,0.08635,,,,
E1244_382,,,0.7650600000000001,,
E670_122,0.24297,,,,
E624_498,,,0.9979899999999999,,
E1591_63,0.1245,,,,
E240_454,0.90964,,,,
E1180_194,,,0.38755,,
E949_444,0.88956,,,,
E1020_373,,,0.7469899999999999,,
E1911_275,,0.5502,,,
E1308_35,0.06827000000000001,,,,
E203_66,,0.13052,,,
E1597_200,0.3996,,,,
E531_8,,0.01406,,,
E1997_471,0.94378,,,,
E194_180,,,0.35944,,
E1248_477,,,0.9558200000000001,,
E253_209,,,0.41767,,
E637_115,,0.22891999999999998,,,
E706_64,0.12650999999999998,,,,
E400_2,0.00201,,,,
E315_222,,,0.44378,,
E1636_389,,0.77912,,,
E447_391,,0.78313,,,
E1474_372,,0.74498,,,
E1760_472,,0.94578,,,
E1330_356,,,0.71285,,
E1484_394,,,0.7891600000000001,,
E1016_137,,,,,0.27309
E1155_28,,,0.054220000000000004,,
E1503_129,,,0.25703000000000004,,
E551_154,,,0.30723,,
E1619_184,,,0.36746999999999996,,
E1285_281,0.56225,,,,
E195_201,0.40160999999999997,,,,
E1047_221,0.44177,,,,
E696_415,0.8313299999999999,,,,
E617_259,0.51807,,,,
E1436_353,,,,0.7068300000000001,
E633_193,,0.38554,,,
E1926_173,0.34538,,,,
E1176_474,,,,,0.9498
E958_276,,0.5522100000000001,,,
E185_160,,,,0.31928,
E490_73,,,0.14458,,
E1812_40,,,0.07831,,
E674_380,,0.7610399999999999,,,
E841_26,0.0502,,,,
E588_170,0.33936,,,,
E125_455,0.91165,,,,
E508_312,,,0.6245,,
E1952_109,,,0.21686999999999998,,
E1712_393,,0.78715,,,
E363_181,,0.36145,,,
E368_168,,0.33534,,,
E165_30,0.05823,,,,
E1737_331,,,,0.66265,
E1905_318,,,0.63655,,
E799_108,,,0.21486,,
E74_123,,0.24498000000000003,,,
E1081_269,,,,,0.53815
E1969_390,,0.78112,,,
E1382_277,,,0.5542199999999999,,
E1655_250,0.5,,,,
E220_202,,,0.40360999999999997,,
E255_275,,,0.5502,,
E376_390,,0.78112,,,
E1001_266,,0.53213,,,
E515_129,,,0.25703000000000004,,
E584_357,,0.71486,,,
E505_499,1.0,,,,
E1739_170,0.33936,,,,
E1389_367,0.7349399999999999,,,,
E1017_14,,,0.0261,,
E1072_420,0.8413700000000001,,,,
E1336_102,,,0.20281,,
E1509_338,,,0.67671,,
E861_17,,,0.03213,,
E726_394,0.7891600000000001,,,,
E1000_336,,,0.67269,,
E1096_96,0.19075999999999999,,,,
E1846_458,0.9176700000000001,,,,
E437_402,,,0.8052199999999999,,
E225_444,,,0.88956,,
E1764_156,0.31124,,,,
E1770_262,,,0.5241,,
E117_73,,,0.14458,,
E682_297,0.59438,,,,
E659_409,,,,0.8192799999999999,
E501_12,,,0.022090000000000002,,
E967_93,0.18474000000000002,,,,
E62_346,,,0.69277,,
E873_94,0.18675,,,,
E310_298,,0.59639,,,
E832_144,0.28715,,,,
E591_304,0.60843,,,,
E238_166,,,0.33133,,
E579_434,,,,,0.8694799999999999
E1478_21,0.04016,,,,
E65_389,,0.77912,,,
E322_130,,,,0.25904,
E1214_134,,,0.26707,,
E718_341,0.6827300000000001,,,,
E50_359,,0.71888,,,
E747_422,0.8453799999999999,,,,
E942_153,0.30522,,,,
E1156_235,,,0.46988,,
E635_141,0.28112,,,,
E1352_33,0.06426,,,,
E1458_346,0.69277,,,,
E1122_400,0.8012,,,,
E319_331,0.66265,,,,
E1383_75,0.14859,,,,
E1559_420,0.8413700000000001,,,,
E1498_74,0.14659,,,,
E128_310,0.62048,,,,
E863_225,0.4498,,,,
E1363_374,,0.7490000000000001,,,
E1936_191,,,0.38153000000000004,,
E648_375,0.7509999999999999,,,,
E1315_226,0.45181000000000004,,,,
E1055_219,,,0.43775,,
E1603_458,,0.9176700000000001,,,
E894_82,0.16265,,,,
E1446_265,0.53012,,,,
E97_18,,,0.03414,,
E545_331,,,0.66265,,
E1678_276,,,,0.5522100000000001,
E1912_284,,,0.5682699999999999,,
E761_304,,,0.60843,,
E471_487,0.9759,,,,
E1849_96,,0.19075999999999999,,,
E1153_124,,0.24699000000000002,,,
E260_448,,,0.89759,,
E965_354,,0.7088399999999999,,,
E1583_139,0.27710999999999997,,,,
E742_21,,,0.04016,,
E753_24,0.04618,,,,
E1345_400,,0.8012,,,
E1226_291,0.58233,,,,
E539_244,,0.48795,,,
E522_1,0.0,,,,
E1130_25,,0.04819,,,
E148_184,0.36746999999999996,,,,
E680_494,,,0.9899600000000001,,
E1671_215,,0.42972,,,
E697_206,,0.41165,,,
E1053_291,,0.58233,,,
E887_151,,,,,0.3012
E96_480,0.96185,,,,
E179_485,,0.9718899999999999,,,
E948_213,,0.4257,,,
E1266_441,,0.8835299999999999,,,
E593_338,,,0.67671,,
E567_433,0.8674700000000001,,,,
E866_307,0.61446,,,,
E1222_452,0.9056200000000001,,,,
E793_343,,,0.68675,,
E1372_121,0.24095999999999998,,,,
E1899_469,,0.93976,,,
E1641_162,,,0.32329,,
E106_80,0.15863,,,,
E1224_300,0.6004,,,,
E162_337,,0.6747,,,
E606_367,0.7349399999999999,,,,
E1579_224,,,0.44778999999999997,,
E41_167,,,0.33333,,
E1186_416,0.8333299999999999,,,,
E1860_100,0.1988,,,,
E714_173,,,0.34538,,
E919_304,,,,,0.60843
E669_265,0.53012,,,,
E1275_115,,,0.22891999999999998,,
E1234_372,,0.74498,,,
E1423_421,,0.8433700000000001,,,
E12_407,,0.81526,,,
E1944_90,0.17870999999999998,,,,
E1051_145,,,0.28916,,
E1213_17,,0.03213,,,
E1629_448,,0.89759,,,
E1123_260,,,0.52008,,
E1916_214,,,0.42771000000000003,,
E671_233,,,0.46586000000000005,,
E1754_382,,,0.7650600000000001,,
E1353_186,,0.37149,,,
E326_444,,0.88956,,,
E293_114,0.22691,,,,
E1698_318,,,0.63655,,
E886_54,0.10643,,,,
E1784_394,0.7891600000000001,,,,
E912_460,0.92169,,,,
E1364_117,,0.23293000000000003,,,
E1251_376,,,0.7530100000000001,,
E1834_283,,,0.5662699999999999,,
E480_302,0.60442,,,,
E1639_220,,,0.43976000000000004,,
E1827_32,0.06225,,,,
E722_401,,,0.8032100000000001,,
E684_54,,,,0.10643,
E618_400,,,,0.8012,
E1506_46,,,0.09036,,
E1395_108,,0.21486,,,
E1152_334,,,0.66867,,
E1735_120,0.23895999999999998,,,,
E636_401,,0.8032100000000001,,,
E1124_350,,,0.7008,,
E1615_216,0.43173,,,,
E1092_138,,,0.2751,,
E731_243,,,0.48594,,
E1959_173,,,0.34538,,
E1648_358,,0.71687,,,
E1237_257,,,0.5140600000000001,,
E1280_281,,0.56225,,,
E758_473,,0.9477899999999999,,,
E61_74,0.14659,,,,
E911_298,,0.59639,,,
E590_216,,,0.43173,,
E1587_34,,,,,0.06627000000000001
E1991_2,,,0.00201,,
E304_128,0.25501999999999997,,,,
E1679_315,,,,,0.63052
E1828_42,0.08233,,,,
E1951_25,0.04819,,,,
E200_327,0.65462,,,,
E34_410,0.82129,,,,
E575_175,,,,,0.3494
E135_113,,0.2249,,,
E1993_158,,0.31526,,,
E1809_349,,,0.6988,,
E1688_76,0.1506,,,,
E36_342,,0.68474,,,
E1500_126,,,0.251,,
E1390_111,,,0.22088000000000002,,
E853_321,0.64257,,,,
E1932_61,,0.12047999999999999,,,
E380_281,0.56225,,,,
E300_91,,0.18072,,,
E296_318,,,,,0.63655
E1560_471,0.94378,,,,
E1095_244,,,0.48795,,
E492_121,,,0.24095999999999998,,
E905_467,,,0.93574,,
E1059_311,0.62249,,,,
E239_79,,,,0.15663,
E367_81,,,0.16064,,
E1023_476,,,0.9538200000000001,,
E211_95,,0.18875999999999998,,,
E1454_326,,,0.65261,,
E980_11,0.02008,,,,
E297_422,0.8453799999999999,,,,
E1443_404,,,0.80924,,
E249_292,0.58434,,,,
E989_308,,,0.61647,,
E1137_465,0.93173,,,,
E1420_379,0.7590399999999999,,,,
E834_435,,,0.87149,,
E991_224,,,0.44778999999999997,,
E556_408,,,0.8172699999999999,,
E1004_109,,0.21686999999999998,,,
E1149_116,0.23092,,,,
E662_228,,0.45582,,,
E1194_238,,0.4759,,,
E1825_354,,,,0.7088399999999999,
E209_262,,,0.5241,,
E1196_362,0.7249,,,,
E1810_141,,,0.28112,,
E231_386,,,0.7730899999999999,,
E276_476,,,0.9538200000000001,,
E1010_201,,,,0.40160999999999997,
E424_229,,0.45783,,,
E134_300,,0.6004,,,
E1988_451,,,0.90361,,
E1067_388,,0.7771100000000001,,,
E540_435,,0.87149,,,
E1106_382,,,0.7650600000000001,,
E1425_171,,0.34137,,,
E79_265,,0.53012,,,
E332_319,,,0.63855,,
E663_453,,0.9076299999999999,,,
E366_226,,,0.45181000000000004,,
E1497_48,0.09437999999999999,,,,
E645_466,,,0.93373,,
E244_67,,0.13253,,,
E1112_70,0.13855,,,,
E1804_95,,,0.18875999999999998,,
E592_275,,,0.5502,,
E741_211,,0.42168999999999995,,,
E192_480,0.96185,,,,
E241_208,,,0.41566000000000003,,
E806_188,,,0.3755,,
E1913_467,0.93574,,,,
E979_175,,,0.3494,,
E1428_400,,,0.8012,,
E1595_377,,,0.75502,,
E1313_404,0.80924,,,,
E426_184,0.36746999999999996,,,,
E1771_51,,,0.1004,,
E475_323,,0.64659,,,
E188_281,,,0.56225,,
E237_152,,0.30321,,,
E690_192,,,0.38353000000000004,,
E756_430,0.86145,,,,
E1903_188,0.3755,,,,
E890_246,,,0.49196999999999996,,
E1182_145,0.28916,,,,
E683_39,,,,,0.07631
E1463_338,0.67671,,,,
E1731_162,,,0.32329,,
E1069_270,,,0.5401600000000001,,
E521_161,,,0.32129,,
E840_373,,,0.7469899999999999,,
E907_52,0.10240999999999999,,,,
E131_186,,0.37149,,,
E1901_282,,0.56426,,,
E365_292,0.58434,,,,
E268_129,,0.25703000000000004,,,
E1673_438,,,0.87751,,
E620_275,,0.5502,,,
E1223_307,,0.61446,,,
E1391_369,,0.7389600000000001,,,
E100_493,0.98795,,,,
E1114_204,,,0.40763,,
E1780_272,0.54418,,,,
E216_88,,0.1747,,,
E477_154,,,0.30723,,
E1883_436,,,0.87349,,
E1721_376,,,0.7530100000000001,,
E764_411,,0.82329,,,
E953_43,,,,0.08434,
E1232_418,0.83735,,,,
E236_81,,0.16064,,,
E634_17,,,,0.03213,
E589_229,0.45783,,,,
E1694_308,,,0.61647,,
E1256_299,,,0.59839,,
E1582_182,,0.36345,,,
E925_395,0.7911600000000001,,,,
E1063_330,,,0.66064,,
E1618_198,,,0.39558000000000004,,
E950_317,0.63454,,,,
E639_357,,0.71486,,,
E1875_181,0.36145,,,,
E113_394,,,0.7891600000000001,,
E306_478,,,0.95783,,
E1188_141,,,,,0.28112
E499_147,,0.29317,,,
E728_356,,0.71285,,,
E570_66,,0.13052,,,
E660_286,0.57229,,,,
E1082_192,,,,,0.38353000000000004
E1605_227,,,,0.45382,
E984_459,,,0.9196799999999999,,
E927_219,,,0.43775,,
E1278_197,0.39357,,,,
E1841_22,,,0.04217,,
E214_295,0.59036,,,,
E1158_124,,0.24699000000000002,,,
E155_483,0.9678700000000001,,,,
E4_304,,,0.60843,,
E1145_272,,0.54418,,,
E568_434,0.8694799999999999,,,,
E1656_457,0.91566,,,,
E1495_480,,,,,0.96185
E1994_190,,,0.37951999999999997,,
E1024_494,,0.9899600000000001,,,
E862_328,,0.65663,,,
E1035_373,,0.7469899999999999,,,
E1375_132,,,0.26305,,
E667_464,,,0.9297200000000001,,
E1915_480,,0.96185,,,
E104_352,0.70482,,,,
E954_287,0.5743,,,,
E750_113,,,,0.2249,
E1687_314,,,0.62851,,
E898_110,,0.21888000000000002,,,
E553_321,,,,,0.64257
E1522_102,,,,,0.20281
E1963_437,,,,,0.8755
E1091_422,,,0.8453799999999999,,
E9_288,,,0.57631,,
E613_194,,,0.38755,,
E801_125,0.249,,,,
E643_107,,,0.21285,,
E1005_458,,,0.9176700000000001,,
E616_194,,,,,0.38755
E1291_453,0.9076299999999999,,,,
E800_364,,0.72892,,,
E82_290,0.58032,,,,
E1857_409,0.8192799999999999,,,,
E582_472,,0.94578,,,
E1538_8,0.01406,,,,
E1034_78,,,0.15462,,
E730_278,,0.5562199999999999,,,
E565_22,0.04217,,,,
E724_248,,0.49598000000000003,,,
E819_6,,0.01004,,,
E966_326,,,0.65261,,
E513_210,0.41968,,,,
E1166_383,0.76707,,,,
E466_130,,0.25904,,,
E533_34,,0.06627000000000001,,,
E343_457,0.91566,,,,
E1018_349,0.6988,,,,
E1424_377,,,0.75502,,
E1585_195,,,0.38956,,
E872_55,,,0.10843,,
E197_250,,0.5,,,
E1376_86,,,0.17068,,
E1414_484,,,0.96988,,
E1417_313,0.62651,,,,
E1274_442,,,0.88554,,
E506_440,,0.8815299999999999,,,
E1183_474,0.9498,,,,
E1228_321,0.64257,,,,
E1133_234,,0.46787,,,
E1924_454,,0.90964,,,
E1440_189,,0.37751,,,
E1405_206,,,0.41165,,
E1230_476,,,0.9538200000000001,,
E250_148,0.29518,,,,
E273_160,0.31928,,,,
E1453_87,,,0.17269,,
E1660_93,0.18474000000000002,,,,
E159_153,,0.30522,,,
E1411_376,,,0.7530100000000001,,
E992_289,0.57831,,,,
E665_183,,0.36546,,,
E374_316,0.63253,,,,
E55_342,,,0.68474,,
E1136_204,,,0.40763,,
E1357_330,,,0.66064,,
E1406_358,,0.71687,,,
E1942_354,,,0.7088399999999999,,
E213_404,,0.80924,,,
E1568_450,,,0.90161,,
E1593_208,0.41566000000000003,,,,
E137_170,,,0.33936,,
E1955_371,,,0.74297,,
E1510_61,,0.12047999999999999,,,
E226_292,0.58434,,,,
E1914_466,,0.93373,,,
E1558_203,,,0.40562,,
E1965_188,,0.3755,,,
E867_471,,,0.94378,,
E1581_325,0.6506,,,,
E1856_369,,0.7389600000000001,,,
E1089_126,0.251,,,,
E842_153,,,,,0.30522
E721_180,,0.35944,,,
E1306_459,,0.9196799999999999,,,
E172_8,0.01406,,,,
E19_482,,,0.96586,,
E1052_383,,0.76707,,,
E1920_297,,,0.59438,,
E463_265,,,0.53012,,
E1767_206,0.41165,,,,
E1490_128,0.25501999999999997,,,,
E1470_142,0.28313,,,,
E971_326,,,0.65261,,
E1350_189,,0.37751,,,
E1430_456,,,0.91365,,
E1015_338,0.67671,,,,
E712_192,,,0.38353000000000004,,
E189_367,0.7349399999999999,,,,
E776_277,,,0.5542199999999999,,
E999_254,0.50803,,,,
E1263_76,,0.1506,,,
E1675_307,,0.61446,,,
E1766_110,,,0.21888000000000002,,
E71_233,0.46586000000000005,,,,
E1544_179,,0.35743,,,
E1422_45,,,,,0.08835
E1429_426,,,0.85341,,
E1802_387,0.7751,,,,
E1469_11,,,0.02008,,
E1339_88,0.1747,,,,
E1159_468,0.93775,,,,
E1592_309,,0.61847,,,
E605_388,0.7771100000000001,,,,
E1438_399,,,0.7992,,
E1013_116,0.23092,,,,
E621_56,0.11044000000000001,,,,
E904_221,0.44177,,,,
E964_201,,0.40160999999999997,,,
E820_288,0.57631,,,,
E57_105,0.20884,,,,
E1362_411,,,0.82329,,
E1753_25,0.04819,,,,
E1685_458,,,,0.9176700000000001,
E831_264,,,,0.5281100000000001,
E729_186,,,0.37149,,
E517_188,,0.3755,,,
E1174_363,,,0.7269100000000001,,
E734_352,,,0.70482,,
E530_396,,,0.7931699999999999,,
E1387_288,0.57631,,,,
E860_395,,0.7911600000000001,,,
E1734_398,0.79719,,,,
E1192_463,0.92771,,,,
E1695_106,,,0.21084,,
E357_243,0.48594,,,,
E256_270,,,,,0.5401600000000001
E1399_161,0.32129,,,,
E127_354,,,0.7088399999999999,,
E1441_421,0.8433700000000001,,,,
E1359_486,,,0.9739,,
E1505_75,,,0.14859,,
E705_258,0.5160600000000001,,,,
E1148_11,,,0.02008,,
E1524_293,,0.58635,,,
E1184_43,,,0.08434,,
E961_173,,0.34538,,,
E1369_42,,0.08233,,,
E1540_482,,,0.96586,,
E1239_2,0.00201,,,,
E1398_279,,,,0.55823,
E1267_348,0.6967899999999999,,,,
E229_207,,0.41365,,,
E828_385,0.77108,,,,
E1163_359,0.71888,,,,
E461_402,0.8052199999999999,,,,
E1823_340,,0.68072,,,
E1349_230,,,0.45983999999999997,,
E810_491,0.9839399999999999,,,,
E1476_398,0.79719,,,,
E208_221,,,0.44177,,
E1725_182,,0.36345,,,
E871_399,,0.7992,,,
E1444_236,,,0.47189,,
E1554_154,,0.30723,,,
E305_108,,0.21486,,,
E1620_7,,,0.01205,,
E85_241,,,0.48193,,
E464_457,0.91566,,,,
E1530_442,0.88554,,,,
E362_346,,0.69277,,,
E713_90,0.17870999999999998,,,,
E653_215,,,0.42972,,
E1435_144,,,0.28715,,
E1421_308,,,,,0.61647
E409_419,,,0.83936,,
E981_40,,,0.07831,,
E812_114,,0.22691,,,
E1296_408,,0.8172699999999999,,,
E42_340,,,0.68072,,
E641_81,,,0.16064,,
E1318_317,,0.63454,,,
E1588_239,,,,,0.47791000000000006
E289_196,,,0.39157,,
E1981_233,,,0.46586000000000005,,
E258_335,0.67068,,,,
E320_354,,,0.7088399999999999,,
E1151_24,,,0.04618,,
E108_437,,,0.8755,,
E1908_182,,,,0.36345,
E312_426,0.85341,,,,
E149_206,0.41165,,,,
E1779_285,,0.57028,,,
E774_278,,,0.5562199999999999,,
E486_15,,,,,0.028110000000000003
E889_443,,0.88755,,,
E1356_216,0.43173,,,,
E263_306,,,0.61245,,
E918_376,0.7530100000000001,,,,
E790_70,0.13855,,,,
E298_241,,,0.48193,,
E1473_377,,,,0.75502,
E1496_22,,,0.04217,,
E1891_368,,0.73695,,,
E474_177,0.35341,,,,
E1282_359,,,0.71888,,
E1792_94,,0.18675,,,
E1105_461,,,0.92369,,
E235_28,,0.054220000000000004,,,
E1303_216,,,0.43173,,
E1371_448,,,0.89759,,
E751_20,,0.03815,,,
E1866_126,0.251,,,,
E126_313,,0.62651,,,
E1185_435,,,0.87149,,
E1513_177,,0.35341,,,
E1290_260,,0.52008,,,
E1494_380,,,0.7610399999999999,,
E969_447,0.8955799999999999,,,,
E945_161,,0.32129,,,
E1243_198,0.39558000000000004,,,,
E1434_345,0.69076,,,,
E632_442,,,,0.88554,
E347_232,,,0.46386000000000005,,
E1887_236,,0.47189,,,
E223_3,,,0.00402,,
E1036_44,,0.08635,,,
E287_25,,,0.04819,,
E895_52,,0.10240999999999999,,,
E1456_231,,0.46185,,,
E90_139,,0.27710999999999997,,,
E1822_169,0.33735,,,,
E771_168,,,0.33534,,
E89_376,,,,,0.7530100000000001
E460_371,0.74297,,,,
E1630_213,0.4257,,,,
E915_422,,0.8453799999999999,,,
E1566_227,,0.45382,,,
E1377_490,0.98193,,,,
E1964_91,,,0.18072,,
E425_322,,,0.64458,,
E864_419,0.83936,,,,
E1316_425,0.85141,,,,
E118_87,0.17269,,,,
E498_368,0.73695,,,,
E1627_12,,,0.022090000000000002,,
E1097_311,,,0.62249,,
E122_1,0.0,,,,
E39_138,0.2751,,,,
E1361_466,,0.93373,,,
E251_250,0.5,,,,
E561_282,0.56426,,,,
E1012_251,,,,0.5020100000000001,
E2_221,,,0.44177,,
E920_252,,0.50402,,,
E1805_429,0.85944,,,,
E1989_198,0.39558000000000004,,,,
E59_286,0.57229,,,,
E1918_142,0.28313,,,,
E370_142,0.28313,,,,
E1142_81,,,,,0.16064
E1740_105,,,0.20884,,
E1556_207,0.41365,,,,
E1110_80,,,0.15863,,
E1085_425,0.85141,,,,
E1173_129,,,0.25703000000000004,,
E1664_18,,,0.03414,,
E1468_327,,,0.65462,,
E884_258,,0.5160600000000001,,,
E171_44,,,0.08635,,
E8_254,,,0.50803,,
E528_229,,,,0.45783,
E631_462,,,0.9257,,
E1621_298,0.59639,,,,
E1992_141,,,0.28112,,
E129_145,,,0.28916,,
E1483_114,,0.22691,,,
E1564_217,,,0.43373,,
E765_214,0.42771000000000003,,,,
E773_100,,,0.1988,,
E496_247,,,0.49398000000000003,,
E1727_119,,0.23695,,,
E1906_268,0.53614,,,,
E1298_366,,0.73293,,,
E931_352,,,0.70482,,
E1086_150,0.2992,,,,
E846_46,,0.09036,,,
E767_79,,,0.15663,,
E1999_489,,0.9799200000000001,,,
E504_211,,,0.42168999999999995,,
E1832_40,,,0.07831,,
E412_291,0.58233,,,,
E913_206,,,,0.41165,
E523_352,0.70482,,,,
E1668_193,0.38554,,,,
E716_438,0.87751,,,,
E1329_312,,,0.6245,,
E727_329,,0.65863,,,
E16_428,,,0.8574299999999999,,
E686_85,,,,0.16867000000000001,
E457_314,,,,0.62851,
E31_157,0.31325,,,,
E1452_414,,,0.8293200000000001,,
E1311_35,,,0.06827000000000001,,
E824_368,,,0.73695,,
E20_57,,,,0.11245,
E348_40,,,0.07831,,
E1229_346,0.69277,,,,
E627_496,0.99398,,,,
E328_261,,,0.5220899999999999,,
E1378_39,0.07631,,,,
E311_84,,0.16667,,,
E829_401,,,0.8032100000000001,,
E838_16,,,0.030119999999999997,,
E1284_266,,0.53213,,,
E1878_492,,,0.9859399999999999,,
E401_135,,,,,0.26908000000000004
E1885_397,,,,0.79518,
E1927_20,,0.03815,,,
E133_475,,,0.95181,,
E1961_83,,,0.16466,,
E280_162,,,,0.32329,
E1683_398,,,,,0.79719
E1884_263,0.5261,,,,
E1028_386,0.7730899999999999,,,,
E1249_441,,,0.8835299999999999,,
E710_440,0.8815299999999999,,,,
E760_25,,,0.04819,,
E736_275,,0.5502,,,
E1602_443,0.88755,,,,
E1090_392,0.78514,,,,
E1002_197,,,,,0.39357
E270_266,,0.53213,,,
E102_43,0.08434,,,,
E1412_163,0.3253,,,,
E1669_82,0.16265,,,,
E1637_264,0.5281100000000001,,,,
E1858_95,,,0.18875999999999998,,
E818_430,0.86145,,,,
E336_112,,0.22289,,,
E1635_265,,0.53012,,,
E314_123,,0.24498000000000003,,,
E1289_106,,,0.21084,,
E1733_185,,0.36948000000000003,,,
E578_50,0.09838999999999999,,,,
E1056_474,,0.9498,,,
E361_400,,,,,0.8012
E1451_418,,,0.83735,,
E1118_474,0.9498,,,,
E1613_406,0.81325,,,,
E630_337,,,0.6747,,
E1279_383,,,0.76707,,
E1099_53,,,0.10442,,
E462_411,0.82329,,,,
E1169_234,,,0.46787,,
E1101_194,0.38755,,,,
E827_447,0.8955799999999999,,,,
E1198_249,0.49799,,,,
E973_118,0.23494,,,,
E1837_412,,0.8253,,,
E1439_105,0.20884,,,,
E358_141,0.28112,,,,
E1507_431,0.86345,,,,
E1786_10,0.01807,,,,
E656_112,0.22289,,,,
E58_217,0.43373,,,,
E1466_308,0.61647,,,,
E563_435,,0.87149,,,
E700_391,,0.78313,,,
E1126_360,,,,0.72088,
E413_4,,,0.00602,,
E1854_140,,,,0.27912,
E67_433,,,0.8674700000000001,,
E1343_442,0.88554,,,,
E811_110,0.21888000000000002,,,,
E1523_95,,0.18875999999999998,,,
E562_13,0.0241,,,,
E720_344,0.68876,,,,
E1160_140,,0.27912,,,
E1255_145,0.28916,,,,
E512_53,,0.10442,,,
E1677_205,0.40963999999999995,,,,
E1904_402,,,,0.8052199999999999,
E585_366,,,0.73293,,
E1116_445,,,0.8915700000000001,,
E661_135,,0.26908000000000004,,,
E1515_306,,,0.61245,,
E1893_330,,,,0.66064,
E1077_159,,,0.31727,,
E98_287,,,0.5743,,
E1768_161,,,0.32129,,
E454_124,0.24699000000000002,,,,
E219_247,,0.49398000000000003,,,
E75_374,0.7490000000000001,,,,
E340_28,,,0.054220000000000004,,
E608_470,,0.9417700000000001,,,
E900_372,,,,,0.74498
E1397_190,,,0.37951999999999997,,
E874_362,,,0.7249,,
E704_346,,,0.69277,,
E1576_357,0.71486,,,,
E77_180,0.35944,,,,
E86_84,,0.16667,,,
E1777_73,,0.14458,,,
E404_4,,0.00602,,,
E423_374,0.7490000000000001,,,,
E1250_124,,,0.24699000000000002,,
E1386_357,,,0.71486,,
E1611_323,,,0.64659,,
E1216_46,,,,,0.09036
E914_456,0.91365,,,,
E625_233,0.46586000000000005,,,,
E1139_177,,,,0.35341,
E994_333,0.66667,,,,
E1628_79,,,0.15663,,
E1584_321,0.64257,,,,
E140_72,0.14257,,,,
E421_16,,0.030119999999999997,,,
E638_209,,,,0.41767,
E1240_466,,,0.93373,,
E1715_55,,,0.10843,,
E1549_301,,,0.60241,,
E1489_8,0.01406,,,,
E1897_122,,,0.24297,,
E1517_199,0.39759,,,,
E417_329,,,,0.65863,
E651_144,,,,,0.28715
E167_358,,,0.71687,,
E1333_328,,0.65663,,,
E1546_298,0.59639,,,,
E46_210,0.41968,,,,
E737_179,,0.35743,,,
E1131_498,,,0.9979899999999999,,
E169_205,0.40963999999999995,,,,
E1103_385,,0.77108,,,
E267_96,0.19075999999999999,,,,
E975_335,,0.67068,,,
E177_113,,,0.2249,,
E599_49,,0.09639,,,
E378_167,,,,0.33333,
E1366_46,,,0.09036,,
E1923_424,,,0.8494,,
E1449_199,0.39759,,,,
E452_277,,,0.5542199999999999,,
E10_268,,,0.53614,,
E922_230,0.45983999999999997,,,,
E1711_333,,0.66667,,,
E1785_287,,,,,0.5743
E1021_247,,0.49398000000000003,,,
E1980_425,,0.85141,,,
E798_345,,0.69076,,,
E935_265,,0.53012,,,
E325_361,,0.7228899999999999,,,
E441_322,,0.64458,,,
E615_52,,,0.10240999999999999,,
E803_3,,0.00402,,,
E1724_276,0.5522100000000001,,,,
E1465_482,,,0.96586,,
E1113_366,0.73293,,,,
E350_480,0.96185,,,,
E739_323,,0.64659,,,
E1960_150,0.2992,,,,
E778_248,0.49598000000000003,,,,
E1027_415,0.8313299999999999,,,,
E1044_332,,0.66466,,,
E882_367,0.7349399999999999,,,,
E1492_122,0.24297,,,,
E283_189,,0.37751,,,
E1534_475,0.95181,,,,
E349_480,,,0.96185,,
E285_412,,0.8253,,,
E1283_326,,0.65261,,,
E856_115,,,0.22891999999999998,,
E1840_449,,0.8996,,,
E1622_307,0.61446,,,,
E443_369,,0.7389600000000001,,,
E111_98,0.19478,,,,
E1910_379,0.7590399999999999,,,,
E1179_193,,,0.38554,,
E1717_88,0.1747,,,,
E40_362,,,0.7249,,
E212_94,,,,,0.18675
E601_188,,,0.3755,,
E1691_59,0.11647,,,,
E66_285,,,0.57028,,
E1117_314,,,0.62851,,
E754_121,0.24095999999999998,,,,
E403_302,0.60442,,,,
E626_293,,0.58635,,,
E1548_486,,0.9739,,,
E1868_316,,,0.63253,,
E1212_149,0.29719,,,,
E1919_459,,,0.9196799999999999,,
E974_66,,,0.13052,,
E1083_460,0.92169,,,,
E329_352,,,0.70482,,
E740_410,,,,0.82129,
E218_12,0.022090000000000002,,,,
E1460_363,,,0.7269100000000001,,
E858_28,,0.054220000000000004,,,
E1674_296,,,0.59237,,
E817_96,,0.19075999999999999,,,
E1700_462,,0.9257,,,
E743_65,,0.12850999999999999,,,
E1839_30,0.05823,,,,
E1845_131,,,0.26104,,
E178_297,,0.59438,,,
E1979_490,0.98193,,,,
E488_305,,0.61044,,,
E221_414,,0.8293200000000001,,,
E261_322,0.64458,,,,
E1531_241,0.48193,,,,
E1982_498,,,,0.9979899999999999,
E14_151,,0.3012,,,
E323_112,,0.22289,,,
E1600_49,,0.09639,,,
E1609_278,,0.5562199999999999,,,
E1831_159,0.31727,,,,
E1374_96,,0.19075999999999999,,,
E763_9,0.016059999999999998,,,,
E338_460,0.92169,,,,
E587_28,,,0.054220000000000004,,
E996_13,,,0.0241,,
E330_350,,,0.7008,,
E544_76,,0.1506,,,
E725_398,,,0.79719,,
E1610_134,,0.26707,,,
E91_24,,,0.04618,,
E1596_214,,0.42771000000000003,,,
E1890_147,,,0.29317,,
E1207_348,0.6967899999999999,,,,
E732_167,0.33333,,,,
E951_59,0.11647,,,,
E139_83,,,,0.16466,
E342_98,,,,,0.19478
E264_142,0.28313,,,,
E1042_164,0.32731,,,,
E1616_220,0.43976000000000004,,,,
E369_414,,0.8293200000000001,,,
E885_276,,,0.5522100000000001,,
E1233_221,,0.44177,,,
E1141_88,0.1747,,,,
E1368_192,,0.38353000000000004,,,
E612_13,,,0.0241,,
E1323_72,,0.14257,,,
E1545_495,,0.99197,,,
E1338_127,,,0.25301,,
E929_86,,,0.17068,,
E489_6,0.01004,,,,
E136_18,,0.03414,,,
E525_292,0.58434,,,,
E901_184,0.36746999999999996,,,,
E1756_55,,,0.10843,,
E146_422,,,0.8453799999999999,,
E857_367,0.7349399999999999,,,,
E28_183,,,0.36546,,
E109_334,,,0.66867,,
E1003_43,,,0.08434,,
E234_131,,,0.26104,,
E1527_162,0.32329,,,,
E543_147,,0.29317,,,
E308_62,,,0.12249000000000002,,
E456_151,0.3012,,,,
E1719_477,0.9558200000000001,,,,
E0_70,,,0.13855,,
E1203_99,,,0.19679000000000002,,
E792_216,,,0.43173,,
E1075_207,,0.41365,,,
E1824_433,,,0.8674700000000001,,
E1676_3,,,0.00402,,
E13_470,,0.9417700000000001,,,
E121_22,,0.04217,,,
E906_434,,,0.8694799999999999,,
E444_108,,,0.21486,,
E845_86,,,0.17068,,
E1200_418,,,,0.83735,
E1970_206,,0.41165,,,
E1197_233,,0.46586000000000005,,,
E1084_482,0.96586,,,,
E60_7,,,0.01205,,
E87_441,0.8835299999999999,,,,
E228_407,,,0.81526,,
E198_323,,0.64659,,,
E1726_471,,,0.94378,,
E51_426,,0.85341,,,
E1039_1,0.0,,,,
E1800_488,,,0.9779100000000001,,
E1863_288,,0.57631,,,
E1107_350,,,,0.7008,
E1100_397,0.79518,,,,
E943_19,0.03614,,,,
E265_337,0.6747,,,,
E1204_164,,0.32731,,,
E1480_223,,,0.44578,,
E1948_205,,0.40963999999999995,,,
E1049_363,,0.7269100000000001,,,
E926_309,0.61847,,,,
E1332_273,,,0.54618,,
E170_241,,,0.48193,,
E1898_304,,0.60843,,,
E1752_227,0.45382,,,,
E668_495,0.99197,,,,
E331_30,0.05823,,,,
E1612_152,,0.30321,,,
E478_338,,0.67671,,,
E847_263,,,0.5261,,
E939_406,0.81325,,,,
E1848_249,,,0.49799,,
E500_290,,0.58032,,,
E1654_439,,,0.8795200000000001,,
E459_358,0.71687,,,,
E955_334,,0.66867,,,
E518_34,,0.06627000000000001,,,
E823_171,,,0.34137,,
E17_26,,0.0502,,,
E1820_284,0.5682699999999999,,,,
E1519_46,0.09036,,,,
E356_248,,,0.49598000000000003,,
E1071_326,,,,,0.65261
E37_329,,0.65863,,,
E1191_157,,,,0.31325,
E18_460,,,0.92169,,
E442_183,,,0.36546,,
E284_365,0.73092,,,,
E1401_41,0.08032,,,,
E586_29,,0.056220000000000006,,,
E382_398,,,,,0.79719
E1493_54,0.10643,,,,
E719_307,,,0.61446,,
E68_227,0.45382,,,,
E1728_481,,,0.96386,,
E407_246,0.49196999999999996,,,,
E313_308,,,0.61647,,
E1392_152,0.30321,,,,
E707_464,0.9297200000000001,,,,
E1762_354,,,0.7088399999999999,,
E56_435,,,0.87149,,
E1231_53,,,0.10442,,
E1307_28,,0.054220000000000004,,,
E1830_7,0.01205,,,,
E1171_209,,0.41767,,,
E1135_371,,,0.74297,,
E1553_314,,0.62851,,,
E1986_25,,,0.04819,,
E1958_477,,,,0.9558200000000001,
E266_129,0.25703000000000004,,,,
E1826_21,0.04016,,,,
E1563_155,0.30924,,,,
E150_273,,0.54618,,,
E107_23,,,0.044180000000000004,,
E519_450,,,0.90161,,
E1720_238,,0.4759,,,
E157_453,,0.9076299999999999,,,
E1633_429,0.85944,,,,
E48_8,0.01406,,,,
E1774_235,,,0.46988,,
E672_478,,,,0.95783,
E418_291,0.58233,,,,
E1008_363,,,0.7269100000000001,,
E1814_447,,0.8955799999999999,,,
E781_429,,0.85944,,,
E1608_178,0.35541999999999996,,,,
E1922_91,,0.18072,,,
E1945_170,0.33936,,,,
E689_31,,0.060239999999999995,,,
E526_65,,0.12850999999999999,,,
E242_405,,0.81124,,,
E987_325,,,0.6506,,
E1528_106,,0.21084,,,
E1651_359,,,0.71888,,
E1862_123,,,0.24498000000000003,,
E805_354,,,0.7088399999999999,,
E976_266,,,0.53213,,
E1132_243,0.48594,,,,
E124_454,,,0.90964,,
E1801_56,,,0.11044000000000001,,
E574_358,,0.71687,,,
E1260_472,,0.94578,,,
E677_174,,0.34739000000000003,,,
E1990_421,0.8433700000000001,,,,
E1502_263,,,0.5261,,
E84_405,,0.81124,,,
E1178_419,0.83936,,,,
E985_277,,,0.5542199999999999,,
E1048_120,,,0.23895999999999998,,
E446_144,,0.28715,,,
E1606_284,,,0.5682699999999999,,
E1402_234,,,0.46787,,
E419_117,0.23293000000000003,,,,
E1520_451,0.90361,,,,
E852_343,0.68675,,,,
E1246_297,0.59438,,,,
E1009_160,,,0.31928,,
E70_54,0.10643,,,,
E1835_120,0.23895999999999998,,,,
E1973_480,,0.96185,,,
E110_46,,0.09036,,,
E402_235,,,0.46988,,
E1645_456,0.91365,,,,
E430_261,0.5220899999999999,,,,
E596_177,,,0.35341,,
E550_288,,,0.57631,,
E542_488,0.9779100000000001,,,,
E450_336,,,,0.67269,
E695_226,,,,,0.45181000000000004
E1888_486,,,0.9739,,
E393_476,,0.9538200000000001,,,
E1302_367,0.7349399999999999,,,,
E1262_211,,0.42168999999999995,,,
E509_18,,,0.03414,,
E1161_449,,0.8996,,,
E1057_57,0.11245,,,,
E1512_373,,0.7469899999999999,,,
E997_99,,0.19679000000000002,,,
E1790_419,,,0.83936,,
E1150_309,,0.61847,,,
E32_227,,0.45382,,,
E279_156,,0.31124,,,
E1201_162,0.32329,,,,
E1344_295,,0.59036,,,
E1625_288,,,0.57631,,
E232_188,,0.3755,,,
E848_33,,0.06426,,,
E938_224,,,0.44778999999999997,,
E1300_434,,0.8694799999999999,,,
E572_196,,,0.39157,,
E1181_314,,0.62851,,,
E1871_58,0.11445999999999999,,,,
E168_339,0.67871,,,,
E692_10,,,0.01807,,
E1270_328,,0.65663,,,
E536_395,,,0.7911600000000001,,
E1662_338,0.67671,,,,
E381_77,,,0.15261,,
E1730_259,,0.51807,,,
E205_59,,0.11647,,,
E1437_314,,0.62851,,,
E1650_178,,0.35541999999999996,,,
E1946_405,,,,,0.81124
E1482_103,,,0.20481999999999997,,
E233_163,,,,,0.3253
E1521_185,,0.36948000000000003,,,
E1514_176,,,0.35141,,
E1870_225,,,,,0.4498
E377_372,,,0.74498,,
E1638_103,0.20481999999999997,,,,
E1723_393,0.78715,,,,
E1696_478,,,0.95783,,
E557_158,0.31526,,,,
E577_292,,0.58434,,,
E791_175,,0.3494,,,
E836_361,,0.7228899999999999,,,
E933_146,0.29116,,,,
E1393_87,,,0.17269,,
E1935_60,0.11847,,,,
E1571_92,,,0.18273,,
E538_146,,,0.29116,,
E511_36,,0.07028,,,
E22_122,0.24297,,,,
E891_488,0.9779100000000001,,,,
E865_395,0.7911600000000001,,,,
E1894_333,,,,,0.66667
E1813_332,,,0.66466,,
E759_4,0.00602,,,,
E1404_354,,0.7088399999999999,,,
E345_228,,0.45582,,,
E1447_335,0.67068,,,,
E1491_191,0.38153000000000004,,,,
E1312_182,0.36345,,,,
E303_107,,0.21285,,,
E1634_348,,,,,0.6967899999999999
E1867_357,,0.71486,,,
E647_458,,,0.9176700000000001,,
E655_270,,0.5401600000000001,,,
E114_206,,,0.41165,,
E892_416,,,0.8333299999999999,,
E1288_243,,0.48594,,,
E355_318,0.63655,,,,
E1481_113,0.2249,,,,
E822_458,,0.9176700000000001,,,
E395_304,,,0.60843,,
E1902_96,,,0.19075999999999999,,
E1968_452,,,,,0.9056200000000001
E789_8,,,0.01406,,
E786_197,,,,,0.39357
E947_88,,,0.1747,,
E1967_142,,,0.28313,,
E1046_498,,,0.9979899999999999,,
E1572_412,,,0.8253,,
E81_19,0.03614,,,,
E80_348,0.6967899999999999,,,,
E1098_236,,0.47189,,,
E1074_177,0.35341,,,,
E554_76,0.1506,,,,
E936_449,0.8996,,,,
E1088_446,0.8935700000000001,,,,
E145_314,0.62851,,,,
E204_269,,0.53815,,,
E1162_193,0.38554,,,,
E1426_423,,0.84739,,,
E410_204,,0.40763,,,
E1076_84,,0.16667,,,
E309_499,,,1.0,,
E26_237,,,0.4739,,
E963_149,,,0.29719,,
E1305_167,,,0.33333,,
E346_180,,,0.35944,,
E1829_154,,,0.30723,,
E1068_468,,,0.93775,,
E549_412,0.8253,,,,
E1886_479,,,0.9598399999999999,,
E687_171,,,0.34137,,
E1995_46,,,0.09036,,
E1487_266,,0.53213,,,
E274_36,0.07028,,,,
E909_308,,,0.61647,,
E1758_312,,0.6245,,,
E1667_184,0.36746999999999996,,,,
E53_360,,,0.72088,,
E99_46,,0.09036,,,
E294_151,0.3012,,,,
E1253_239,0.47791000000000006,,,,
E392_257,,,0.5140600000000001,,
E1646_492,0.9859399999999999,,,,
E1287_118,,,0.23494,,
E383_78,,,0.15462,,
E835_245,,0.48996000000000006,,,
E201_117,,,,,0.23293000000000003
E1663_279,0.55823,,,,
E495_165,,0.32932,,,
E1833_403,,0.80723,,,
E427_117,,0.23293000000000003,,,
E930_241,,,,,0.48193
E1400_116,0.23092,,,,
E816_480,,0.96185,,,
E746_143,,0.28514,,,
E1701_161,,0.32129,,,
E1348_198,0.39558000000000004,,,,
E186_392,,0.78514,,,
E433_402,,,0.8052199999999999,,
E112_63,,0.1245,,,
E493_234,,,0.46787,,
